clean_comments,summary
áo vải đường may form áo kg mặc vừa nha giao hàng yody khỏi bàn,
tốt đúng đúng chuẩn đẹp hàng shop giao hàng nhanh,
đỏ đúng đúng mình cái nặng mặc xl vừa sít luôn màu đẹp tốt giá quá rẻ k hiểu cùng mẫu màu đỏ hơn còn màu khác tận gần,
tim than đúng đúng vai gio mua chồng màu đẹp xu va áp vocher giá sẽ shop lần sau,
đúng ok giống vải dù hàng yody khỏi phải nói nữa goy khá tốt mua đồ miết polo hơn cả chục cái sẽ ùn hộ miết thoi,
gió ghi đúng ok đúng vải gió giữ ấm tốt màu ck mình thích hehehehe,
đúng đúng xanh than polyeste nhìn đường may khá k chỉ thừa vẻ tốt mua hàng bên yody nhiều lần thấy ổn lần đầu mua trải nghiệm xem tốt sẽ quay mua tiếp,
tim than mát đúng đúng giao tới khoảng ngày màu đẹp vừa form yody tốt rồi look good feel good,
ok ok đúng ok hàng màu đẹp cản gió trượt nước tốt áo phom rộng mặc ấm nhẹ hàng sale giá cũng ổn hơn so,
đẹp thoáng màu đúng đúng lời ship giao nhanh mua giá rẻ cũng ok rồi shop nhiều lần,
đẹp tốt đúng đúng tin toyota vios g apple carplay android auto ghế tiền lệch cổng hàng ghế sau lẫy chuyến số trên vô lăng mặt calang mới,
đúng đúng màu đúng nâu polyester shop giao hàng nhanh bd mới đặt nhận áo giống mẫu cầm áo chuẩn sz mn mua,
xanh đen dù đúng vải dày không thấm nước nhận hàng áo đẹp xịn nhìn ok dây kéo đáng mua,
gió đen hồng đúng chuẩn mua trước màu đen rồi đặt thêm hàng ổn tầm giá mặc khoác ngoài cũng ok giao hàng nhanh,
polyester nân đúng chuẩn nhận áo đẹp dầy hai lớp chống,
nylon đúng dúng áo mặc mát vừa nắng gió cũng tốt trượt nước tốt vừa người kg bụng bia mn cân mua dảm bảo vừa dẹp luôn chứ ko bị,
ok ok đúng ok tb tang gia tri tat ca the nap ngay tien km su dung noi mang khong gioi han thoi gian nap the online tai ct danh rieng tb cua quy khach lh,
ghi cotton chống thấm nước đúng ok ưng màu lâu quá nay mới dịp săn sale giá tốt màu bị phai màu cũng ko bị lộ giờ cả nhà cũng chiếc pro yody ko,
chất đẹp giao hàng nhanh hơn sẽ ok hơn nc ưng hàng yody m mua yody rồi mn mua,
dden dam đúng gió mua online giá tốt hơn hẳn nha mn canh giá tốt thôi nè,
chất vải đẹp đúng áo đẹp mua trên live giá rẻ hơn nhiều so vs yody mình mua nhầm size shop đổi tại yody gần nhất trên cả,
đúng đúng vải mình cao nặng mua giao hàng nhanh áo mặc ấm cản gió chống nước khá tốt bản pro áo mềm hơn nhẹ hơn bản plus form áo hơn,
đen đúng đúng vải áo đẹp from ác đứng ổn giá quá nhưng size lớn sze sẽ đẹp hơn,
đúng đúng xanh than polyester giao hàng nhanh đúng size vừa chất vải chắn gió nước tốt,
đúng đúng xanh than vải mình cao nặng mua giao hàng nhanh áo mặc ấm cản gió chống nước khá tốt bản pro áo mềm hơn nhẹ hơn bản plus form áo hơn,
đúng đúng xanh than yody khỏi phải bàn về xem live voucher mua chồng con săn sale mua pro mức giá quá hời luôn shop sẽ shop nữa,
đúng đúng nâu vải dù hàng đẹp mềm tay đường may kỷ giá mua trên live rẻ hơn màu nâu đep nha cả nhà,
đúng áo đẹp vải mình săn giá mặc lên form đẹp đường cản gió bên mặc thêm áo giữ nhiệt nữa ok,
đúng chuẩn size màu ghi hàng yody chuẩn màu mua live voucher shop thêm xu còn,
màu đen hàng nhận giống ổn dáng áo đẹp đường may hai túi khóa kéo giá sale khá rẻ đóng hàng túi nilon dày giao hàng nhanh,
áo đẹp giá chồng mình chỉ thích mỗi hàng yody mua dc giá tốt mn mua nha shop nhiều,
đúng đúng nilon áo mình mua màu xanh than chụp lấy màu đen lúc trước mua tks shop,
lần đầu trải nghiệm bên yody ok nha mấy bà tui mua online size không vừa dọt lẹ ra gần nhất đổi liền bạn đỉm ko nhưng,
đúng dung đen gió shop giao hàng siêu nhanh áo đẹp mua jody về lấy tạm sp khác jody lấy xu,
tốt xanh giống yody không yody,
giao hàng săn sale giá chỉ áo vải mềm shop nhiều lần sau sẽ thêm,
xanh than vải đúng đúng nhận hàng nhìn thấy giống shop đều vừa ok,
đúng đúng vải cản gió chống thấm nước cản bụi shop nhiều mình mua con cháu mặc vừa không bị kích shop levi mọi người mua,
ghi đúng đúng vải lớp mang lên fom đẹp màu đẹp mua mang quần đen ok lun sẽ ủng họi shop lần sau,
tốt tuyệt đúng tốt áo đẹp mặc mát vào mùa hè ấm vào mùa đông đáng mua mua màu đỏ còn nửa giá,
xanh nhatj đúng đúng tốt đẹp luôn,
vải dù đúng đúng đen áo đẹp chất vải dù mặc size l vừa,
đúng đúng xanh than vải áo đẹp chống nước bố quá okelaaaaaaa,
đúng đúng vải gió mềm nâu shop chuẩn giao đúng size áo khóa gió jody may đẹp tốt chưa lỗi may,
đúng đúng đen nhận hàng đúng yody không làm mình phải mặc form chuẩn,
tot tot đúng dung shop giao hang nhanh chắc chắc sẽ mua lần sau,
chống thấm nhẹ đúng đúng đẹp màu đẹp đường may chuẩn chỉnh khóa kéo trơn độ chống thấm nhẹ hợp bay nhẹ chứ ko chống thấm nhiều,
đúng dungs nâu gió mình chọn áo nam lùi size mặc lên ít bữa trời lạnh mặc đường ấm nhẹ,
đen poly đúng áo đẹp lớp đúng mua giá sale còn hơn xíu mặc bền shop giao habgf cũng nhanh tầm ngày tới dịp sẽ quay mua lần nữa,
ok đúng ok ok tyyeejt vời săn gia sale shopee xu quá đẹp chiếuc khoác gió yody,
đúng chuẩn gió áo mặc cản gió tốt sẽ lạnh shop lâu đài ship,
đúng đúng xanh than đẹp uy tind bán hàng đổi trả,
ok ok đúng đúng đẹp áo đẹp hàng yody ổn mình săn sale giá chưa tới ổn luôn,
đúng dung voi gio san pham chat luong tot phom dang ao rat dep ao day dan mac am lan sau co nhu cau mua ho shop tiep,
xanh than đúng dung dù vải đẹp hàng form đẹp giữ nhiệt tốt sẽ lần,
đúng dung chong tim than gió màu size ok nha cả nhà đẹp mua lần đầu tưởng k đẹp nhưng nhận hàng thấy quá ok shop sẽ mua shop giao,
gió lót nỉ đúng đúng xanh than giao hàng nhanh tốt đẹp,
áo đẹp dày lớp ấm tốt sẽ shop tiếp giao hàng nhanh mua giá rẻ qua live,
đen vải đúng đúng giao hàng siêu nhanh nv ko phải bàn,
đỏ đúng ok gió tốt shop hàng giao hàng đúng sẽ shop thêm,
den dam đúng dung gio giao hang nhanh va than thien chat luong san pham tot mac rat am ap lan sau ho shop,
đúng đúng màu ngoài ảnh nhưng cam mờ shop sp ưng mua thêm màu khác,
giao hàng nhanh màu ghi nhìn đẹp tiền mua mỗi mầu cái,
đúng đúng xanh than gió lớp mình nhận đc hàng áo vải đep mình mặc vừa shipper giao hàng nhanh mình sẽ shop mua tiêp thêm,
mua nhiều lần bên yody rồi tốt mặc k cổ áo tháo rời mặc,
màu đỏ sẫm đúng đúng nhận hàng nhưng mình thấy fom áo dạo to hơn hồi xưa xíu cả đồ đều to hơn,
xanh than đúng đúng polyester nhận hàng đúng giao hàng nhanh đẹp mũ tháo rời,
đúng đúng cản gió chống nước tốt mặc đường,
xanh đúng đúng shop vải mua nam yody áp mã shopee về giá iu thương,
gio đúng đẹp giao hàng nhanh luôn đặt hqua hnay nhận đc áo yody đẹp miễn chê nha,
đúng đúng gió mặt vải đanh dáng áo đẹp màu cũng dễ phối đồ áp giá sale rẻ,
dung đúng dung vai hàng giao hàng nhanh,
tím thân size m contton đúng đúng mình mua cái nhỏ cái mua ba ảnh thêm cái quá phom dáng vải dày nhưng ko nóng ko ngộp hai cha con mặc nhìn cưng,
đúng màu đặt nhận hàng mặc thêm áo giữ nhiệt ok hàng yody,
đen gió đúng đúng sp đúng,
đúng dung gió xanh than áo đúng phom đẹp chất khỏi bàn mặc ấm nha mọi người mua,
đúng dung nâu vải poli hàng đúng chuẩn chất vải đẹp đường chỉ may giao hàng nhanh shiper,
giao hàng đúng shipper nhanh,
vải oke mặc lớp lót đường kim mũi chỉ giá tiền,
tốt hàng giao đúng màu đúng hàng đẹp đúng shop hàng đẹp đường may,
đỏ vải đúng đúng giao hàng đúng đặt áo đẹp,
xanh than đúng ok đẹp shop giao hàng nhanh gói hàng áo mặc đẹp mn mua,
oke oke đúng oke mua cái thứ rồi quá ưng săn live rẻ ngoài ch mua toàn nguyên giá kênh chính hãng siêu,
áo túi sâu khóa kéo túi dán miệng chưa test mưa nhưng tốt,
oki oki hàng đẹp mua đồ yody chưa lần nào choodng mình ừn dịp ghé mua bản nữ thành áo cặp luôn hihe,
đúng noband noband noband mua hộ lên không thật giao hàng nhanh shop,
đúng đúng hàng yody luôn tốt,
đúng dung gió hàng shop gủi bạn trẻ lấy màu đen đẹp hơn mình thấy vậy gói hàng kỹ giao hàng nhanh lên mua áo mặc ấm phết mưa nhỏ ok luôn,
shop giao hàng nhanh đúng mẫu đúng màu đúng kiểu săn sale rẻ xe shop tiếp,
cao nặng mặc size vừa khớp hàng chuẩn yody ko,
áo ngon nha bác mua sale còn mã giảm tận cành đường không sợ bụi bẩn,
áo đẹp nha mọi người shipper giao hàng shop nha sẽ thêm lần sau,
đúng đúng áo đẹp mọi người chả biết nghiện đồ yody hồi nào không sắm đồ cả nhà cùng dùng đẹp,
đen tốt đúng đúng đường kim mũi chỉ đẹp ko chỉ thừa đúng hàng yody luôn,
đỏ đúng đẹp mình săn voucher live yody hàng giao siêu nhanh dùng hàng yody luôn tốt bạn live kỹ hàng đổi trả vòng ngày ít shop nào mua combo cả nhà nha mọi người,
đúng trên cả gió ấm cực siêu nhẹ mua ko sợ mắc chỉ sợ ko vừa size ba mình quá siêu ưng áp mã thứ mình mua đc giá ngon ba mình cao lun,
thích chất ưng dáng ưng giá ưng trên áo vài điểm nhấn nhẹ đẹp,
đen đúng đúng vải ấm hơi mỏng hơn so bản plus lâu nhưng cùng yody bên yody clothes rẻ hơn bên yody official store,
ok đúng ok ok trên đời thêm người luôn bên đau nhức sẽ người đưa trời mưa sẽ người đón về đêm khuya người ngủ bên cạnh giúp say giấc người nói đừng lo rồi,
nhận hàng luôn á áo khoát á trời dày mn vãi mịn mượt nữa yody,
đúng đúng xanh than pro ổn mua mấy lần rồi mua áp mã khá ổn,
đúng ddusng đẹp đenn ado mặc thích ấm mưa ko ngấm luôn mình trải mgjieejm rồi mới,
đúng đúng mịn mượt lên màu chuẩn mặc thu,
đúng đúng nâu vải vs cách yody áo ok giá tiền,
không rõ đúng chuẩn đen áo đẹp mua nhiều nhà yody không hiểu tem áo dính màu không biết áo mặc ấm shop nhiều săn sale áo vs giá mn săn sẽ tốt hàng vn,
toots đúng ddungs dden áo cầm cản gió tốt mặc ấm,
áo giống hình giống giao hàng nhanh khá áo mặc vừa khá ấm mua nhiều không thêm,
xanh than dù đúng đúng chất áo đẹp giao hàng nhanh ưng,
đúng đúng đen video không lâu rồi mới quay mình lười lấy áo ra quay chụp áo nhà yody miễn bàn khỏi chê rồi mình mua nhiều rồi chưa thấy cái nào yody k cả mua nha mọi người,
đúng dung poly áo hàng yody khỏi bàn rồi sẽ,
hình k lquan nhưng áo đẹp mặc size l dài hơn xíu ok hơn hàng hãng khỏi phải bàn nv sẽ shop,
poly đúng đúng áo vừa đẹp giao hàng,
ổn đúng đúng ổn cũng khá ổn mình thấy mỗi chống nước không cũng tạm giao hàng nhanh đảm a bảo,
áo siu siu đẹp nhaaaa shop giao hàng nhanh cộng thêm điểm mk xin thêm shop túi vải mang tặng áo không hề sợi chỉ thừa nhm mình mua size hơi rộng mn mua nha mặc ấmmmm,
hàng giống giao hàng khá nhanh mặc vừa form giá tiền mua yody nhiều cũng k thêm,
xanh than đúng đúng tốt giao hàng nhanh tốt đẹp đúng,
đúng chuan than dù nhà rách vỏ đệm đừng vội vứt cả mua ngay e vỏ bọc e hô biến chiếc đệm thành hàng new luôn ảnh nhà e dùng chắc sẽ cần bọc vỏ đệm m q nhà bác nào cần thay vỏ bọc tấm alo e vỏ mốc rách hỏng khoá thay luôn bác nha khách yêu giao mẫu mỗi lô về màu khác nhau chiếc đệm còn mới vỏ đệm bị rách hoặc bị thủng không muốn mua chiếc đệm mới vỏ đệm quá cũ vậy bạn thay áo mới đệm thôi vỏbọcđệm bọcvỏđệm,
gio đúng đen giao hàg nhah đặt trên shope rẻ hơn tiktok minh mua giá mua yody mới sz to so vs số tiền bỏ ra oki mua fom đẹp mình mua cái thứ ròii so mua shop rẻ hơn nhiều,
đúng đúng tốt navy shop giao hàng nhanh đôi tất mình tìm mãi không thấy thấy tất,
mụn phiền chọn liền sữa rửa mặt gương kia ngự trên tường chọn haz bỗng haz lo hết mụn phiền tránh xa mụn phiền đừng hazeline mang bạn bộ đôi rửa mặt chân ái từng loại da bạn tiễn bay mụn da xinh matcha tràm trà độ ph dành da giúp ngừa mụn dịu nhẹ nghệ dành vừa giúp làm sạch vừa nhẹ dịu da sắm ngay hazeline da bạn hazeline hazelinevietnam srm suaruamat,
áo đẹp đường chỉ may giá tốt mình mặc chuẩn sizem sau sẽ mua tiếp bên yody,
poly đúng ok tem nhãn hàng việt nam mn nhiều mn ạk,
đúng bản pro vẻ hơn trước mình mua mua nhiều đồ yody quá lười k muốn tìm dùng tạm hình anhe mới mua,
đúng đúng đúng đúng mua nhiều lần shop áo đẹp mặc vừa in sẽ quay tiếp,
polyester xanh than đúng đúng áo đẹp chuẩn shop giao nhanh,
đúng ok nâu hàng yody khỏi chê form quá ok đẹp mua sẽ tiếp,
shop giao hàng nhanh hàng giao đúng loại vải gió hơi cứng sẽ đứng form hơn loại mua thử chứ theo mình loại đáng mua hơn,
tốt giao hàng nhanh mặc mình ưng mang nhận xu nhưng hàng yody,
chất áo đẹp nha màu cũng đẹp k bị chói quá mua nhiều làn k j chê nha,
mọi thứ ok shop giao hàng shop,
đúng đúng vải shop bán hàng mọi người mua shop nhiều nha áo đẹp vải local brand việt nam ok mọi người nhớ xem live săn giá rẻ shop nè shipper nữa giao hàng nhanh áo đẹp luôn mặc ấm luôn tốt,
hàng bọc màng bọc kỹ không lo chủ shop mình nha sau mua sẽ shop mong shop live mọi người thêm giỏ live ship hàng hàng nhanh quen luôn mặt người mua không cần gọi điện vào nhà mang,
đúng gió đen l phao ok lên dáng đứng form màu ghi đẹp k trắng đen tuyền nhìn ưng,
giao hàng nhanh shop tin nhắn nhanh áo chê ruif video chỉ mang nhận xu,
ao khoac gio den đúng dung siêu đẹp nha mình size lun tại thích form rộng chùm mong nè,
áo mua bạn nhưng thấy khá ổn từ form dáng mức giá tầm trung ntn cũng ok nha,
nhận hàng shop giao hàng đẹp hai lớp đặt hai chiếc sẽ đặt thêm áo nữa chỉ mang tính nhận xu,
ghi đúng giao hàng nhanh tốt đúng,
đẹp đúng đúng tốt nhận hàng nhanh sop giao síp pơ mua đc giá rẻ lần sau tiếp,
đúng dung đẹp chuẩn đều ổn oke đẹp gió giữ ấm tốt mua mặc mùa đông mua cả gdinh mặc heoebrkfmdkdhdvendldo iebegsud ueveidndbd heiendheu,
đúng đúng mù xanh than mọi người mua ủng shop,
gió xanh than đúng đúng giao hàng siêu nhanh mình đặt hàng rồi hình,
đúng đúng đẹp đẹp áo đẹp màu đẹp giao hàng nhanh giá đáng mua mn,
đúng đúng vải tốt shop hổ trợ vải thoáng mát tốt mua sẽ shop lần sau,
áo đẹp dày quá ok luôn săn sale giá rẻ sẽ quay shop,
đẹp đúng hàng đẹp màu đẹp đường chỉ may đẹp săn đk giá rẻ thích mê sẽ,
áo về chung khác bản plus vải mỏng hơn plus size m pro cũng dài hơn khoảng so plus về logo đều in bằng,
đúng tốt về cũng mua nhiều hàng yody sẽ tiếp lần sau,
đúng dung xanh than shop giao hàng siêu nhanh mua nhiều lần áo đẹp chống nước tốt mặc vua mọi người mua lần sau se a chỉ mang nhận xu,
áo chất đẹp giao hàng nhanh luôn yody,
màu đẹp xuất xắc from áo chất vải đẹp mịn ấm sẽ shop,
yody chất đẹp mua dsc sall rẻ shop giao hàng nhanh shop ha video nhận xu,
đúng đúng xanh than gió phom đẹp đường may quá ok dành shop,
đúng đúng tốt giao hàng nhanh mua hàng yody nhiều lần mua trên livestream giá hời,
navy đúng ok ok shop giao hàng nhanh giao hành đúng áo đẹp mặc quá ok chống nước,
áo đẹp size nữ hết mặc size nam vừa in áo mặc ấm đường mưa nhỏ,
ok đúng đúng hàng đẹp mặc vừa chất vải chống nước giao hàng nhanh sẽ shop lần sau,
màu vàng cát ao gió ưng yody vải thickk,
đen size xl nam mình nữ kg mặc thấy cũng ạaaa,
ao dep nha vai mem mai giao hang kha nhanh ko co that nen dung tam cua shop,
màu ghi đúng đúng măc vừa đường may gió,
khá cách yody hỗ hàng shop về cách,
vải dù xám đúng đúng nhận về cái áo đẹp xuất xắc từ chất vải đẹp nha mn mua mặc xl muốn vừa ôm ng lấy l áo khong mỏng nha mn mình thích đường mai cũng đẹp nữa oke la đúng tiền nào nấy thui mn oi,
màu ghi đúng hàng đúng áo đẹp màu ghi mặt sáng da mua giá hời chỉ mang nhận cu nha mn,
vải trượt nước đúng đúng đúng đẹp đường chỉ mua trên shopee rẻ hơn,
đúng dung voi mo ta mau xanh than vai xanh than shop giao hang nhanh chong,
gió đúng đúng đúng đusng size đúng màu khỏi phải nói mua yody nhiều lần r,
đúng đúng nâu tốt áo khá đẹp săn giá hời hơn ngoài sẽ,
đen đúng đúng áo đẹp nha mọi người không j chê,
đỏ gió đúng ok màu ko quá tươi cũng ko quá trầm ok mua nha cả nhà,
ko biết đúng đúng đỏ đẹp xinh lương ngoan xinh yêu dồi thưởng tết ngoan xinh yêu dồi,
đúng giao hàng nhanh hôm trước hôm sau nhận rồi mặc thích mua trên live voucher,
đúng đúng chuẩn đẹp mình mua hàng nhà yody nhiều lần nhiều rồi cũng shop giao hàng nhanh,
tot shoppee mang nhận xu giao đúng ship nhanh chống hàng nhiệt tinh thấy bên ngoài ổn xài mới biết nhưng nhận bạn mua,
đen cotton dù mát size vừa bạn đổ ko chỉ thừa,
dung mau yody khỏi bàn áo vưa size đẹp mua hang yody chưa,
tối mềm mịn đúng đúng áo mềm mịn cản gió tốt về giống plus nhưng chất vải mềm mịn hơn khoá cũng xịn hơn plus chút dưới đáng tiền,
đúng ok ok ok hàng shop hàng hãng săn sale giá hời cũng cách chuẩn giao hàng nhanh tặng shop video mang nhận xu,
tốt shop hàng nhanh đúng ổn sẽ shop lần tới mang nhận xu,
đúng áo màu tuyệt đẹp mùa mặc ok cản gió bụi mưa nhỏ đợi giá tốt hơn,
đẹp đúng đúng tốt đẹp săn đc giá ok tb nạp thẻ online nhận ngay tặng thẻ nạp vào ngày tiền km internet ngày ct nạp thẻ online qua ví hoặc tại gọi bấm phím,
ghi cotton đúng đúng yody ko cần bàn về đáng mua mua ship về nhanh sẽ shop,
đúng đúng màu nâu hàng yody k fai bàn về săn sale giá ok,
chống nước mưa nhẹ đỏ đẹp đúng áo nhẹ lớp tốt khoá tốt,
shop giao hàng nhanh chọn size vừa mặc se lạnh,
đúng ddungs đỏ tốt giao nhanh,
đúng ddusng vải màu nâu form áo đẹp không chỉ thừa luôn săn giá tốt,
giống trên không sự cao mua giao hành nhanh sp đáng mua cả nhà,
polyester đúng đúng đẹp chất đường may đẹp shop giao hàng nhanh,
hang dep đúng dung mo ta nen mua nam plus cản gió chống thấm nước vào mặt cản bụi polyester lớp mũ tháo rời khóa áo in khắc logo đường cắt phom áo gấu áo chun rút theo chun tay ôm vừa ngực áo in logo yody nhũ bạc,
mịn đúng đúng đẹp áo đẹp áo ngắn hơn áo ghi sáng dù cùng cỡ,
hàng yody mình từ mình mua nhiều lần shop,
vải polyester màu đỏ đô thẫm đúng size xl áo khá đẹp nhìn đứng áo giá đúng sale còn rủ cả phòng mua làm chơi mang nhận xu áo đẹp nha,
đúng đúng xám áo đẹp form màu xám đẹp nhen mua mình cái bản plus rồi mua thêm cái pro mặc thôi video nhận xu,
ghi vải đúng tốt lần sau shop bạn,
pro hàng nhanh giao hàng nhanh mua nhiều lần yody,
đẹp đúng đúng đẹp mua nhiều lần shop chưa lần nào sự yody,
chỉ mang su cũng ok dáng rộng chưa chưa biết nhăn k ok sẽ tiếp lần sau giao hàng nhanh shipper màu mình mua màu ghi,
tot tot đúng tot tb nạp thẻ tặng thêm lần nạp thẻ hết ngày trên số ví hoặc tại tiền km cộng sau nạp thẻ phút dùng internet ngày ct dành riêng nhận tin nhắn lh,
đúng ok ghi ok tot tb mobifone gói cước sẽ vào giá đồng chính không đủ tránh cước cao ngoài gói sẽ gói chính đồng hủy soạn kgh gửi,
đúng đẹp tốt đẹp giao hàng áo mặc vừa in,
dden áo ok giao hàng nhanh mua tặng ưng,
pe xanh than shop giao max nhanh đêm trưa nhận luôn mình hn áo mình không chụp ảnh giúp mình nha mua,
đúng chuẩn ghi sáng giao hàng nhanh đúng màu mã shipbor hàng yody ko phải sẽ quay shop lần sau,
giao hàng nhanh đúng đủ hàng tốt giá tiền sẽ thêm,
ok đúng ok ok áo đẹp giá tiền shop chỉ mang nhận xử,
nhu mau đúng yes vai lấy chồng người trung quốc ck tốt nhưng ko hiểu người xunh quanh cứ nói lời ko chồng tq rồi nó lấy tiền đẻ r nó chạy về trung bọn đang vn khiến khá cái ntn trên lá số cách nào ko,
đúng dung nâu đung hàng chuẩn shop uy tinh đổi đc habgf khác tỉnh sẽ s nhìu nhìu,
áo lót bên dày ấm k khoá nhựa trơn mũ tháo rời hàng tốt chưa dùng chưa biết cản gió cản nước,
vải poly xanh than nhận hàng giống giao hàng nhanh,
đúng đúng shop giao hàng nhanh áo chất đẹp,
hàng tốt giao hàng nhanh tạm vậy,
đúng đúng màu xanh than shop hàng giao nhanh bố khen đẹp sẽ quay cầu,
đẹp đúng đúng tốt tb nạp thẻ tặng tiền dùng liền data tặng thẻ nạp vào ngày tiền km internet ngày nạp thẻ online tại ví hoặc tại gọi bấm phím,
hàng yody ko cần nhiều mua online giá hơn nhưng size số cần mua ko còn nhiều,
đen đẹp đường may canh sale mua đc giá rẻ hơn so vs mua tại shop giao hàng nhanh sẽ tiếp,
đúng tot tot tot tb bộ tttt người dân nâng cao không chuyển tiền hoặc người lạ qua trên ngay hoặc số cục,
mua hàng shop nhiều lần ship hàng nhanh shipper,
đường may không chỉ thừa mình cao nặng mặc size xl vừa y luôn,
đúng đúng hàng đặt shop màu đỏ tốt sẽ shop phom dáng đẹp chuẩn phom mặc lên đẹp mang,
shop chuan bi hang va giao hàng nhanh ao phom vua van mau sac đẹp duong may chac chan,
áo form hơi to áo lớp vải gió bên ngoài mình thấy hơi thô k đẹp yody đợt đầu đổi trả kh yody cũng oke,
viettel tb hết data ngày gói mua thêm soạn đ ngày phút cuộc nội mạng phút ngoại mạng sms nội mạng xem hoặc soạn đ ngày tin gói cước hết biết khác bấm gọi lh,
gió màu đỏ mua rẻ giá ok mua nhiều lần mong shop km nhiều hơn,
mua k sp nhà yody rồi chất đẹp săn giá tốt yody,
giao hàng nhanh giống chưa mặc thừ kb kkkk,
xam ct đúng xinh hàng yody khỏi bàn rùi giao hàng nhanh kh cũng,
đúng đẹp vải mua hàng yody đẹp làm minh,
dùng tốt khá ok rẻ giao hàng nhanh mua vào dịp sale càng hơn sẽ quay,
ok đúng đúng ok mình yody mấy năm nay sẽ luôn yody,
đúng om ok ok nhận hàng đúng giao cũng khá nhanh nha sẽ lần sau,
dep đúng đúng tốt mang nhận xu hàng đẹp mọi người mua giao hàng nhanh,
chi mang nhận xu đúng mua hàng yodi,
xanh than gió đúng ok mua trên live rẻ hơn đẹp qtqd,
cotto đúng ok ghi mang nhận xu giao hàng nhanh mua ba ck quá áo pro nhiều cái mới vạch thôi,
shop hàng giao hàng nhanh đổi người mua,
tốt giáo hàng nhanh shipper,
ao gio đen đúng đúng giao nhanh hàng yody quá sịn sò rồi đổi trả hàng mua nhiều sp yody rồi,
áo hơi lạnh mình sg buổi sáng chạy xe ngoài đường cũng se lạnh mặc nóng quá dù không dày thấy sale khoá trọn đời chốt mua luôn mình hư khoá,
xám trắng ct áo đường kim mũi chỉ sắc nét cản gió thấm nc tốt ổn quay mua thêm,
polyester nâu tây đúng đúng shop shop hàng giao nhanh chỉ mang nhận xu shop nhiều,
ok đỏ đúng ok hàng ok đáng tiền sẽ tiếp,
đúng ok ok ok ns kiểu chắc cũng vẻ ah m thấy cũng ok rồi nha mình biết bác nói bạn chị t còn cái người thích nghe thấy cái cũng sai k b c ny hè năm nữa sẽ trước cả mấy tháng trời không thấy xài xài hàng lậu tàu,
đúng đúng ổn xanh than giao hàng nhanh ảnh video mang,
đúng ok đen gió giao hàng khá nhanh hàng tốt sẽ mua tiếp vào lần sau mình chỉ mang nhận xu thôi rẻ đẹp mua tiếp,
giao hàng nhanh áo màu nó đẹp ko chê cả ko nhưng,
gió đúng giống săn sale mức tiền siêu hời màu đẹp ảnh bên ngoài sậm hơn oke viết đủ nhận xu,
đúng ik ok ok doi thanh cong diem tieu dung viettel thanh mb data de quy khach trai nghiem dich vu han su dung truoc tong diem tieu dung con lai tai khoan viettel cua quy khach la diem de kiem tra lich su doi diem va lua chon uu dai hap dan khac vui long truy cap tran,
mua áo ck áo đẹp mặc ấm mùa đông shop giao hàng nhanh,
mua hàng yody nhiều lần k phải canh sale đc khá rẻ,
giao hàng khá nhanh hàng đẹp ok dịp sẽ shop tiếp lần tới chúc shop buôn may bán đắt,
đỏ đúng đúng tốt giao nhanh,
hàng form chuẩn đúng mỗi tội k mua nhầm áo sọc kẻ sau lưng,
giao hàng siêu nhanh shop bọc hàng hàng mình dùng qua thấy ổn không nhái hàng oke đúng size mang tính nhận xu,
áo mặc êm mềm nữa chất yody mk cũng mua nhiều chờ sale mua thêm cái áo nữa,
tốt giao hàng,tốt giao hàng
đẹp xanh than đẹp nhưng shop giao mình áo bị lỗi tuột đoạn đường chỉ dưới gấu áo tầm shipper,
k rõ đúng đúng giao nhanh áo đẹp k chỉ thừa đường may sắc nét săn sale giá càng ưng,
đúng ok ok ok săn deal giá chất ok chống nước nhẹ hợp mùa thu đông giao hàng ok,
khá tốt giá tiền giao hàng,
áo đẹp nha mọi người ơiii áo đúng hãng vải dày đẹp ok mọi người mua nha,
ok ok đúng ok đặt nhiều lần áo giống hình mặc đáng tiền giao hàng siêu nhanh shipper,
k biết đúng ddusng xanh than tốt săn dược mã rẻ khá mọi người mua nhà đường chắn gió tốt,
áo nhưng ấm k thấm nước ck m làm sáng sớm mặc mùa thích luôn mua áo cg dk rẻ nữa,
hàng nhanh giao hàng cũng nhanh vừa đặt hôm trước sau đồ đúng sẽ dùng đặt lần sau,
tốt đúng tốt đẹp hàng quá okee không từ nào giao hàng nhanh mọi thứ đều oke điểm,
ok ok đúng ok giao hàng áo yody chất nặng mọi người,
đúng ok xanh thun áo đẹp giao hàng nhanh lúc trước mua bản plus xài khá bền lần mua bản mới xem,
shop hàng nhanh giao hàng nhanh dùng mới biết,
hàng giao nhanh sau ngày nhận hàng mặc vừa,
đúng đúng voi xanh vỏ đỗ tuyeetj voi gió hàng nhanh hàng quá ổn chỉ mang nhận xu k hàng,
vải dù đen đúng đúng hàng y hình mua trên shopee trên live rẻ hơn nhiều mua tặng k hình,
đúng đúng đen vải mua tới cái thứ ok mặc ấm cản gió mua mn,
ok ok đúng ok giao hàng nhanh áo vừa in shop mua nhiều lần shop,
nhận hàng áo cầm size vẻ rộng hơn so cân nặng chút mua đc giá sale khá,
siêu mềm mịn tốt chuẩn đẹp áo đẹp mọi người mua giá tiền,
đúng giao hàng nhanh khá,
dù đúng đúng đen mang nhận xu shop giao hàng đúng mẫu đúng,
mẫu áo mới năm nay đẹp mua trên live mua,
gió đúng ok xanh than test thử đúng giao hàng miễn ship hàng lần thứ n,
ok đúng ok ok chỉ mang nhận xu tốt giao hàng nhanh sẽ thêm,
đúng shop áo yody rùi mình thích hãng,
đẹp ok đúng ok chỉ mang nhận xu áo đẹp theo mình dòng pro đẹp hơn mua nha mọi người áo dày đẹp,
áo màu xanh than đẹp hàng yody mình săn sale hôm giá chỉ cả ship sẽ shop lần sau,
áo đẹp đường may đẹp màu đẹp y hình luôn size nam mình mặc hơi rộng nhưng ok,
áo màu giống hình cao nhưng mặc hơi dài ngắn thêm tầm đẹp,
ok đúng dung vai về áo sớm hơn giá mềm nha size s m l xl xxl săn sale,
tot xanh den đúng dung mua tặng sn ba mình mặc form đẹp vải đẹp sợ ba mình mặc bị rộng ksao mua áp mã cũng đỡ tiền video mang tính lấy xu thoi,
áo đẹp loại pro mình nhận vải không mềm lúc mình sờ thử shop khá cứng nón tháo rời dc túi,
den đúng đúng gió áo chất đẹp shop shop nhiều lần sau sẽ đẹp,
áo nhà yody rồi áo đẹp mua đc sale giá rẻ quá ok luôn m mua nhiều rồi tks shop nhiều deal tốt,
đúng dung nâu vải dù giao hàng nhanh vải dù mặc mùa gió lạnh hợp hơn,
đúng dung gio đen áo chất đẹp shop shop nhiều lần sau sẽ đẹp,
giao hàng nhanh shop đổi màu mua nhiều yody,
đúng đúng ghi xasm mua yody gòi không lo về chats khơnb,
đúng đúng vải coton hàng đẹp shop giao nhanh mình mua shop nh lần rồi ưng vải shop video mang tính nhận xu,
shop giao hàng nhanh vòng mình nhận đc áo rồi,
hàng ship nhanh mình mua tặng ng đc tặng cũng ưng luôn áo mình từng mua bản nữ rùi chống nc chống gió ok nha,
ok ok đúng ok chưa dùng chưa biết ra hứng mua mua xong lười,
đúng đúng đúng đúng mang nhận xu thôi a chưa mặc chưa biết nha,
thứ chuộc lỗi đừng sống sai nữa còn không bạn bằng nhưng bạn con đường cũ bạn chưa hiểu hai từ đều điều nhận ra giọt nước cũng đủ làm đời làm không rời bỏ chỉ chưa lúc đừng đặt hết niềm tin vào rồi thứ chẳng thương thương nhưng chẳng còn dám nhiều cô ấy không a ra giàu nghèo gạt giọt không phải ny vợ,
tim than đúng hàng mặc đẹp mua nha mọi người,
nhận hàng nhận xu không giao hàng nhanh shiper sẽ lần sau,
không rõ đúng chuẩn hàng yody miễn bàn săn sale đc giá tốt shop nhiều sr klq,
ok ok đúng ok tb lên mạng thả ga soạn dk gửi đ ngày data không soạn dk gửi đ ngày data không gói cước hết,
đúng đúng cotton đen áo giống vs plus nhưg ấm hơn ns chung mua,
cũng giá tiền mua,cũng giá tiền mua
đúng sp tốt đẹp nghi m sp đẹp săn hôm bớt hẳn hơn ra hẳn mọi người mua dùng thử nha,
đen đúng đúng ko biết hàng mình mua bị to tới đổi trả ok chỉ may chắn chắn mua,
đúng oke đen kaki ghim thêm hoặc chạm giữ đoạn ghim đoạn đoạn bỏ ghim sẽ bị xóa sau giờ bạn bảng nhớ tạm gboard nào bạn sẽ lưu tại,
t t đúng t tốt bạn mua mua online vừa nhanh vừa nữa,
đúng đúng gió xanh than áo mình mua lần bố mẹ mặc đèu ưng,
đúng đúng đúng đúng t bay is the best one ever and i love you too and i will be there for a little bit but i m still on the way home now i love it and love it so i just got back to my room now and i ll see if,
mua áo cả áo mặc đường,
đẹp đúng shop giao hàng nhanh dễ,
đen đúng shop áo nhẹ giặt nhanh khô sẽ shop trobg thoi gian toi,
shop giao hàng nhanh áo đẹp vừa in đúng mẫu đặt mọi người mua,
k rõ đúng đúng đỏ quá oke sắn săn đc giá,
đúng ok đen hàng chính hãng khỏi lo cả nhà mình mua trên live giá ok,
đúng áo vừa size kỹ giao hàng nhanh,
đúng đúng shop đen polyester mình đặt size nhỏ báo shop ra đổi trả shop tin nhắn nhanh vải đẹp,
đúng đúng xanh than áo đẹp hình giặt rồi ảnh video lấy xu,
đúng ddubgs đo aquaman phần mở bán vé người xem cày jason momoa xanh trước phần vào tháng aquaman atlantis khởi chiếu,
đúng ddepj đúng vs ảnh áo đẹp shop mình cần gấp đặt lúc trưa hôm sau nhận đc luôn mình,
den đúng đúng áo cản gió tốt ấm về yody,
choosng nuowcs choongs gios đen đúng đúng chất lươmgj tốt nmmmm,
đen đúng đúng gió lớp lót áo chuẩn mình mua liền lúc chiếc áo luôn mua trên live nhiều hơn so mua tại video chỉ mang nhận xu,
tb uu dai khung chi voi d ngay quy khach co ngay data ngay de truy cap mang mien cuoc goi noi mang phut phut ngay goi ngoai mang va tat ca cac tin nhan noi mang cung tai khoan vip nhaccuatui soan dk nh gui de dang ky chi ap dung thue bao nhan duoc tin nhan va dang ky truoc ngay chi tiet lien he tran cam on,
áo lên form quá ưng luon so giá phải trả quá ok,
ok ok đúng ok note lịch khám đúng chị trưởng tập gửi mình khám từng đợt về muộn nhất ngày,
đen đúng áo đẹp vải mềm săn dk áo giá re đẹp ra ngoài giá đo,
gió đúng đúng mua nhiều lần ko chê điểm ko nhưng,
tốt đúng hàng quá đẹp đúng áo nhận đẹp quá mình mua trên live giá rẻ sẽ tiếp,
vải dù poly đen đúng giống ổn lên form đẹp nhưng chất vải mặc sẽ hơi nóng,
xanh than đúng chống mưa chống gió chống bụi nhận về cầm hàng chuẩn xịn xò sẽ ủng hộpl shop tiếp,
áo chất đẹp shop giao hàng nhanh sẽ shop thêm,
xám đúng đúng đẹp mua mấy cái rồi shop mình shop video nhận xu,
chong xanh than đúng đúng mua ổ ly cafe bỗng thấy mình sang lâu quá k ăn sáng nay thấy,
đúng đúng đúng giao hàng nhanh shop mua online sale giảm chút mua mn sizel mặc,
đen hàng yody bao nm mua nhiều lần,
shop giao hàng nhanh mua hàng bên yody nhiều lần lên hộ hà ảnh mang nhận xu,
vãi nghi đúng đúng mang nhận xu ly khoảng dài hơn ngày dài hơn ngày dài hơn ngày dài hơn ngày dài hơn,
đúng đúng áo săn sale giá cx ổn ảnh video chỉ mang nhận xu,
đẹp từng đường kim mũi chỉ lên dáng đẹp giao hàng nhanh gói hàng,
áo mình mua lần rồi áo mang chống thấm nước mang mùa thu đông săn sale còn gần quá mua,
tốt đúng đúng nâu hơn nhà nhà người bán hàng sàn người dùng tốt,
hàng đẹp giao hàng shop,
đúng đúng màu nâu tây áo đẹp vừa mặc okla chỉ mang,
đen đúng đúng hàng yody miễn chê mua nhiều lần rồi từ bên qua bên shoppe cũng vậy mua nha mọi người không,
vải đem đậm đúng đúng tốt ổn giao hàng nhanh shipper,
giao hàng siêu nhanh đặt hôm trước hôm sau mẹ mình ưng áo,
mua nhiều yody rồi tốt săn đc giá rốt,
áo đẹp mn mình thích loại hơn loại vạch sau lưng săn sale giá mềm mua mẫu mặc cả trời se lạnh lạnh tầm độ cũng oke mn muốn mặc mua lớn hơn size cũng,
shop bạn mình cao mặc trên ảnh áo đẹp tốt,
ok ok đúng đúng shop giao đúng mẫu đúng màu hơi rộng xíu,
đúng đúng đỏ polyeste san pham tot mua luc chua lanh nen chua mac ko biet mac co truot nuoc ko co can gio nhu mo ta ko tin tuong hang vn gia ca binh dan nen mua dung,
mặc đúng dc,mặc đúng dc
gio đen đúng chuẩn áo chất đẹp chuẩn mình mua chồng mặc ưng giá hơn tại mọi người canh giá tốt,
đúng ok ok ok hàng đẹp mình mua áo áo thứ ba rồi rát đẹp áo ko biết trượt nước ko chứ thấy cản gió ok sẽ shop mua nha mọi người,
chuaan đúng đúng nâu quá shop nhanh gọn lẹ tặng shop điểm nhận quá vui đúng giống shop,
giá quá tốt so đường kim mũi chỉ không thấy chỉ thừa không bị đường may không bị xoắn vỏ đỗ vải cũng tốt khóa kéo mượt,
okiiii okiiii đúng okiiii learn basic phrases before traveling learning a few key phrases in the local language can help with communication and show respect for,
lên hình nhìn màu ko đúng ngoài chuẩn màu nha mặc thích quay mua lần í,
chất đẹp mua lần thứ hai rồi chất ha hí ha hì qua ni,
ko biet xanh đúng dung áo dày mặc hơi nong shop giao hàng nhanh hàng shop shipper đúng hình tốt giá,
giao hàng nhanh sp sẽ lần sau,
mình thấy áo cũng ổn mưa nhẹ thấy ướt chống nước ko phải quá tốt mình thích màu mua bên nam nhưng nó rộng quá giá ổn hơn hàng thích thử nha mn giao hàng nhanh,
chưa thử chưa biết vừa k chưa dùng chưa biết bền k shop hàng lâu từ về hải phòng ngày mới nhận lần sau mua chỗ khác,
giao hàng nhanh giao đúng đặt,
tốt đúng đúng vàng khiến mọi người đều đáng trải nghiệm mọi lứa tuổi bạn mua trải nghiệm shop nha hãy cùng nhau mua trải nghiệm nha,
vải đúng đúng hàng đúng mua nhiều lần tại shop giao hàng hơi lâu may hàng ko ship mọi người mua lần sau shop tiếp áp mã còn,
áo đẹp giao hàng nhanh ship lần sau sẽ shop,
đúng ddungs không biết áo giá tiền mình đặt sai màu shop hoàn hàng đạt đơn mới video chỉ mang tính nhận xu,
đen đúng đúng giao hàng nhanh áo khá đẹp ấm hàng yody luôn tốt,
xanh than đúng ok vải dù ko hình nhưng hàng ok mn mua thử bền k chưa biết trc mắt thấy mỏng vừa nhẹ vải bên ngoài cũng mịn đường may,
giao hàng nhanh kĩ mặc nhưng khá bí hơi giá hơi cao tí nhưnh tốt,
gió đúng đúng áo đẹp mua lần giao hàng nhanh,
nhìn qua thấy cũng ok chưa mưa chưa biết chống nước đc ko nhưng gió ok,
áo đúng chuẩn yody săn sale giá mua nha mng đáng tiền,
giao hàng ổn nha mặc nha,
shop giao hàng nhanh size chuẩn áo đẹp nhưng trừ ko túi áo,
ok ok đúng ok hàng giao hàng chậm,
mua bhieefu thấy ok chất ọi mn mua shop xin caen iwb,
mau naau mình mua nhầm size khá rộng shop đổi sz ngoài gần nhất tiếc lên hết mẫu phải đổi trả online,
đẹp đúng đúng tốt áo mặc đẹp,
vải đúng chuẩn áo yody đẹp khỏi bàn mặc êm,
shop giao hàng nhanh mua nhiều lần shop sẽ shop shipper,
căn sale mua giá rẻ hàng shipper,
tốt đúng đúng xanh than áo đẹp mua vài lần mặc ấm nha shop kkk,
size áo nam mua về nữ mặc hơi rộng nhưng tốt k cần phải lo,
ok nhưng lỡ mua size hơi lớn bị rộng giao hàng nhanh,
hàng yody đẹp ấm săn sale đc tốt mặc vừa nhaa,
n,n
polyester lương tốt giao hàng nhanh đáng,
tb kính gửi viettel hãy bấm follow kênh tiktok viettel tại nhận nhanh nhất,
m đặt size to ra đổi trả đc về sp,
dden đúng đúng đẹp xịn a đẹp,
đúng đúng ổn form ok shop lần sau,
áo yody đẹp mua giá sale ưng sẽ shop lần sau nữa thanks shop nhiều nhiều,
giao hàng nhanh tặng chưa khui chưa biết,
giao hàng nhanh hôm trước đặt hsau luôn m n cứ đặt về ko vừa mang ra đổi luôn,
xám vải đẹp đáng bát gạo giao hàng nhanh,
đúng đúng chất gió đẹp cản gió mua đồ nhà yody nhiều rồi,
tim than đúng đúng polyeste giao hàng đủ nhanh hàng yody đẹp chất ok mãi yody,
áo ok mình mua về bố nhưng đặt nhầm màu đổi trả nhanh,
áo đẹp nhưng chỗ mình áo hơi nóng tí hông áo đẹp shop kỹ giao hàng nhanh,
shop giao hàng nhanh shipper,
đúng vải đỏ dù đổi đổi nhưng shop,
shop giao hàng nhanh mua trên live giá rẻ,
shop giao hàng nhanh mua trên live giá rẻ,
áo đẹp giao hàng nhanh màu ưng,
đúng ddungs tôt đen nhận đc hàng đường may săn đc sale giá tốt sp,
đúng dung mo tar đen vải không tới săn giá rẻ vải áo,
giao hàng nhanh đạt sẽ shop lần sau,
dep tốt đúng đúng thích ủng ý chat liệu tốt,
mình mua tặng bố màu ngoài khá đẹp nhìn từng mua mấy yody rồi tốt tầm giá,
đen giao đúng shipper giao hàng,
mua nhiều shop rồi về yody,
shop gói hàng hàng nhanh giao hàng nhanh hàng chuẩn size,
đúng ddusng đỏ gió áo đẹp giá rẻ giá sale nữ tốt mua nam sz m mặc hơi dài hới rộng,
polieste l shop giao nhanh màu size shop giao chuẩn size l vừa đẹp,
đúng đúng đẹp đẹp oki chat lieu dep mau sac dung voi mo ta chan gio on,
chất áo đẹp form rộng hơn bản plus cỡ size chỉ mang nhận xu sẽ tiếp,
tốt giá ok rồi,tốt giá ok rồi
tốt đúng đúng đẹp áo đẹp dày lớp vải lót bên ấm sp yody rong tầm giá ổn bền form mắc shop giỏi việc khách trọn size shop hàng hơi lâu chắc sale quá nhiều chút quánh giá vậy nha vn mình còn nghèo mua ng vn đừng chơi bọn tq,
đẹp giá bên dưới không phải,
săn sale giá ok áo mặc thích m mua cái rồi mua,
xanh đen cao nặng kí size vải đẹp nhìn giao hàng nhanh,
vai đúng dung tim than ngta ko is the best thing to have in your new friend and you have to pay to,
dao hàng nhanh chưa hai ngày r,
hàng đẹp chuẩn mẫu mình thích giao hàng nhanh,
dung mau thoang mat đúng dung thoáng mát đúng form áo đẹp,
đúng đúng đúng chuẩn áo ok vải ổn may ko chỉ thừa đáng mua sẽ shop tiếp,
áo chất đẹp dày săn sale giá ny mình mặc suốt,
áo đúng áo lớp đẹp đường may không chỉ thừa hơi ngắn tí ok đáng tiền,
đen đúng yody k phải bàn rồi quá giá ổn phết,
đúng mặc vừa chuẩn ống tay chun vừa nút bấm thích áo đẹp,
áo đẹp shop cũng nữa,
áo cũng xịn xò phì hợp giá tiền mặc,
giao hàng nhanh hàng giá rẻ,
dày áo đẹp chất vải dày mua mã rẻ hơn so mua,
giao hàng nhanh áo đẹp k chỉ thưa nhưng áo lần lớp lót vẻ cứng hơn áo mùi hôi hơn áo tháng trước mình vừa mua dã mãn,
đen đúng đúng mình mua lần áo chống nc chống gió ổn nha áo ưng,
giao xuống đn tuy khá lâu nhưng bù áo đẹp đúng size cản gió tốt,
vải dù đúng ok kaki đẹp đúng mặc sẽ ko bị nóng,
tốt đúng mua,tốt đúng mua
shop giao đúng mẫu đủ ship hàng mua mọi người,
hàng quá dẹp cháy lượng màu ung ý luon sẽ lần sau,
tốt đúng đúng toi thích đẹp áo đẹp mau,
ghi hàng việt nam đúng chưa bận ko bik độ bền,
mặc siêu ưngg chất vải thoáng mát màu cũng đẹp nữa mê lun,
ship siêu nhanh mình ưng í shop,
giao hàng mua shop nhiều lần sẽ lần tới,
đúng đúng giống ok shop giao hàng,
đúng ok hhk ok all nhận tiếp slot ae nào muốn học bán data mình kiếm tháng muốn kiếm tiền ib mình tư vấnnnk,
ghi sáng đúng đúng giống hình giao hàng nhanh shop,
hàng đẹp vải toàn dùng đồ yody k chi phải chê,
đúng đúng đen vải áo sz hơi rộng nhưng shop đổi sz tại gần nhà tốt,
giao hàng nhanh chất lươnng oke,
shop giao hàng nhanh đúng mẫu ned rep nhanh dv cskh oke ọ áo cũng oke,
giống đường may không chỉ thừa size đúng shop,
shop giao hàng nhanh áo đẹp săn giá,
đúng đúng đen tốt giao hàng nhanh ngày tới rồi,
ok đúng ok ok tốt nhanh,
ck m vừa nha mn vừa xinh lun áo cầm luôn ấy m mua sale quá rẻ so mua vải thích giao đúng màu đúng mẫu hơi chậm tí ngày sale nhưng ksao thanks shop,
tâm tốt điểm hách liên thắng cười cái tì nữ liền cầm cái hộp tới vừa mở ra thấy vàng chiếu rọi chói mắt vẻ mặt hắn nhưng ba phần chỉ cần ngươi chịu ta ta sẽ ngươi trăm lạng mười người phụ thân ngươi chức quan ngươi bước lên mây,
shop giao hàng nhanh hơi hàng chuẩn size oke sẽ quay shop,
đẹp đwpj đúng đúng giao hàng nhanh đúng giá sale,
giao đúng đẹp đúng chuẩn hàng giao nhanh mua live giá cả nhà,
đúng đúng đúng ok shop giao hàng nhanh rẻ hihi,
mau sac chat lieu polyeste đúng dung giao hàng nhanh,
chuẩn đúng đúng ok chuẩn ko cần chỉnh nha mua,
giao hàng hơi lâu nhưng hàng đẹp shiper đặt cái nữa mong shop giao sớm hơn ko pải đợi lâu thích shop,
áo đẹp giao hàng nhanh lần sau sẽ shop,
shop giao hàng nhanh shipper,
đúng đúng gió đẹp ghi nhận hàng đẹp luôn nhận hàng bị rộng shop đổi size luôn,
đúng màu đúng size đúng áo yody đẹp không chê mọi người mua,
đẹp shop giao hàng nhanh,
đúng đúng đen vải shop giao hàng nhanh luôn mọi người mua áo xinh mặc ấm,
đúng nhận hàng nhanh ok,
đen ok đúng ok giao hàng nhanh shop,
mua ko vừa size đc đổi shiper sẽ tiieeps,
xám chỉ mang tính hàng đẹp đúng màu đúng sz lần sau sẽ tiếp shipper,
tốt đúng đúng chỉ mang nhận xu giao hàng nhanh,
đúng đúng ghi gió đẹp nha mua giá giao hàng nhanh,
ok ok đúng ok chỉ mang nhận xu oke giao hàng nhanh,
giá tiền shop,giá tiền shop
vải dày xịn đúng chất đứng,
vải đúng đúng áo đẹp giao hàng nhanh video mang tính nhận xu,
gio đúng đúng giao hàng nhanh áo chất đẹp mua lần r,
đẹp đúng đúng tốt áo đẹp giày dặn,
hàng đẹp mjk lấy size to đem tới dk đổi liền luôn ok chỉ nhận xu thôi,
áo giống ngoài ship giao hàng khá nhanh luôn thanks shop,
dden đúng đúng vải áo đẹp chất vải đẹp chồng mình mặc vừa in giao hàng siêu nhanh luôn,
đen đúng giao hàng nhanh,
chất đẹp giao hàng nhanh mua nhận chế tác đá theo yc zalo,
chat luong san pham tuyet voi dong goi san pham rat dep va chac chan,
đúng ok chất dù xanh đen giao nhanh đẹp đáng mua nha săn sale giá rẻ,
đúng dep gio ghi ao dep,
vid mang tc nhận xu chất gldayf dặn ổn ship khá nhanh giá cũng ok,
năm hết tết rước lộc vào nhà cáp mọi nhà đầy tủ gia chủ già trẻ gái trai chúc mọi người mạnh bình an tấn tài tấn lộc kiếm thật nhiều tiền gấp gấp,
giao hàng nhanh áo đẹp màu size khá chuẩn mang nhận xu,
áo đẹp hàng yody tốt săn sale rẻ,
đúng xasm sáng xám sáng kaki mình cao nặng mặc vừa khít,
áo yody thấy vải giày dặn khá đẹp giá hơi cao nhưng chất lưonjg cx dc,
giao nhanh áo đẹp mình mua yody nhiều lần thích,
đúng ddungs cotton đẹp mang nhận xu hàng tốt mọi người mua giao hàng nhanh,
đẹp phom vừa áo đúng,
kaki ghi đúng đúng áo from hơi rộng chất đẹp săn đc giá sale quá ok,
gió đúng ok tim than shop giao hàng nhanh ok đẹpp,
màu hơi tối giao hàng nhanh chỉ mang nhận xu,
đúng shop hàng giao hàng nhanh,
đúng đẹp đúng đúng,đúng đẹp đúng đúng
đúng đúng đỏ đậm vải chống thấm shop giao hàng nhanh ảnh lấy xu thôi,
giao hàng tốt,giao hàng tốt
đúng đẹp đẹp bạn nhà mình mặc đẹp rộng thích,
vai chong tham đúng chuẩn nâu shopemall mua cả nhà mùa mưa,
vari gios đúng đusng voi xam mặc đẹp chất áo siêu xịn,
đúng đúng đúng gió tốt mua mình mua giá tốt,
dep tot đúng chuan ao cua yody thi k phai lo luong hébhsbidbcjdbeibdiebhx,
giao hàng đúng hẹn tốt shiper sẽ shop,
đúng dung đẹp đỏ áo đẹp nha,
đẹp đen đúng đúng shop giao hàng nhanh áo đẹp chuẩn size chất m thấy k đẹp bằng m mua trc nhưng cũng,
đúng ok ok ok ok hàng sẽ lần sau,
đúng đúng chuẩn,đúng đúng chuẩn
kh nhưng đồ bên shop rùi kg cần nói nhìu tu vấn hổ trợ sẽ quay mua típ sp khác,
video không shop giao hàng nhanh giống mua live mã giảm,
giỏi tốt nhóm máu ab dễ dành người khác,
ck mình ưng áo minh mua giá mang gió ok áo,
xanh than polyester khá đẹp form khá ok vd chỉ mang nhận xu,
đẹp đúng hàng đẹp,đẹp đúng hàng đẹp
nâu khong ro đúng dung áo đẹp tốt sẽ shop,
gio xanh đen đúng đúng hònh ảnh chỉ mang đẹp form chuẩn,
toẹt vời ông luôn yody khỏi bàn khỏi chê rồi săn sale dk quá ok,
hàng giao đúng shop áo lớp mặc ấm từ độ trở lên mặc sẽ nóng,
đúng đúng tốt đẹp tốt,
chỉ mang nhận xu tốt giao hàng nhanh,
gio đúng đúng áo nam giống mặc đúng size,
đúng đúng đen nỉ giao hàng áo đẹp mua tăng size nha mọi người mình mua đúng size nó không,
dep xanh than giao hàng nhanh hàng đúng mẫu,
vi deo hơi mờ tý ánh điện lóe màu mình thấy mẫu năm nay đẹp hơn mẫu cũ áo gọn mặc gàng đẹp,
quá từ form tới chồng mình mặc vừa nha,
xanh than vải tốt đúng đúng,
đẹp phù đúng đúng,đẹp phù đúng đúng
mình mua tặng mua hơi rộng xí nhưng săn sale giá tốt lười đổi yody trước giờ vải mặc oke rồi,
chỉ mang nhận xu tốt giao hàng nhanh,
chời chời xinh luôn á k nghĩ đẹp vậy luôn á mn shop đóng hàng giá rẻ quá lun rồi thanks shop nhìu,
nhà yody quá rồi không bản cãi cả giao hàng nhanh,
hơi tối hơn tí so hình chất đẹp áo ko quá dày ko quá mỏng đúng ok,
ok mình đặt size xl nhưng shop nhầm đơn trước lên gửi thành size l mình phải đổi k đổi đc size màu áo mình muốn nhưng bạn shop,
ship nhanh tốt nha mọi người,
đúng khong kém bền mặc tệ nóng giao chậm kém giá cao,
giao hàng nhanh đúng đủ mua hàng nhiều lần shop mang nhận xu,
hàng đẹp hình giao hàng nhanh,
mua hàng nhà mình nhiều lần rồi ưng giao hàng nhanh,
vải đẹp form khá tốt,
video chỉ mang nhận xu mình mua nhiều lần hàng yody mặc thích sd vc đc giá rẻ mua,
du xanh than giao hàng nhanh săn sale áp mã giảm nhiều luôn á,
đúng đúng không rõ mình nhận hàng ck mình mặc rộng quá shop shop đổi hàng ah shop nhiều ah,
đúng dung voi black k ro áo đẹp săn sale dk giá hời sẽ,
đen vải đúng size xl nam kg cao không bụng vừa size,
tốt đúng đúng đen size m hàng shop oke nhưng về đơn hàng chưa,
tot tim than đúng dung áo yody tốt sắn lúc sale đc giá rẻ,
áo giá tốt,áo giá tốt
tốt áo mặc vừa sẽ shop,
lần đầu mua shop size sản phầm tốt giao nhanh,
đúng màu đúng shop đúng đúng size đúng mode okla mọi người,
đẹp đúng đúng chuẩn,đẹp đúng đúng chuẩn
giao hành nhanh khá tốt săn sale đx giá tốt sẽ thêm shop,
quên chụp quay video áo hàng yody ok rồi chất ok,
đẹp nâu áo mặc ấm,
áo xịn thiệt mua sale áp mã mủng còn cũng tạm rẻ hơn cũng okla đẹp xịn,
ok áp mã giảm đo áo khá đẹp giao nhanh đẹp,
nhận hàng giao hàng ok dày nha chỉ mang,
đẹp nha chất mua đc sale rẻ quá rẻ giao hàng nhanh nữa sẽ yody nhìu lần nữa,
tốt đẹp đúng ok áo vừa đẹp,
giao hàng nhanh vải siêu sịn đáng tiền shop tuyệt vờiii,
video ko giống săn sale giá rẻ ship hàng nhanh,
áo xịn mn mình mua tại giá mua qua live còn sau còn mang ra đổi số duyệt,
áo mặc đẹp vải không thấm nước mềm êm,
giao hàng nhanh hàng chính hãng tốt sẽ mua lần sau,
đẹp sin shop bán đồ thôi chứ mấy giờ,
hàng nhìn khá sang mình lựa form hơi rộng chắc lần tới mua tại giảm size,
sáng ddepj đẹp hợp lứa tuổi mọi người mua,
hàng đẹp giá tiền khá mua nha mọi người,
vai đúng đúng mẫu đẹp hơi nóng k thấm hút tốt,
đúng điểm giao hàng nhanh,
đúng đúng màu nâu vải tốt giống màu trên hình chưa mua mua,
đúng okkkk quá đẹp mình sẽ shop tiếp hàng đẹp giá yêu xxxx,
áo đẹp luôn mọi người không uống công abcdedfs,
vải dù đúng đúng giao hàng hơi lâu nhưng bù hàng đẹp giao hàng xong gọi nữa shop,
đúng đúng đẹp tốt,đúng đúng đẹp tốt
đường chỉ may đẹp k chổ nào chê nhưng áo chống nước lớn nóng,
nói nói lấy xu thui áo đẹp mua cái rồi tráng gió tốt shop mn,
áo đẹp mình đặt size hơi rộng báo shop ra đổi size shop hổ trợ rep tin nhắn nhanh điểm,
giao hàng nhanh sp tốt bạn nhà mik hơi gầy lấy size bé nhất hơi rộng,
áo màu ship hàng nhanh nhưng hơi rộng so người,
đúng đúng polime,đúng đúng polime
áo ít chỉ thừa dây kéo mượt chun phải hơi to hơn xíu xiu ok,
hàng ap mã vào giá ok nha mọi người vahndhznsb,
giao hàng nhanh đủ rẻ sẽ quay shop chẳng biết mọi người chứ mình mặc áo bị xù nha,
thanks ngon bổ rẻ,thanks ngon bổ rẻ
tot dep hinh ảnh mang nhận xu chốt live giá rẻ nhiều,
dùng tốt giao hàng nhanh tốt,
mang nhận xu shop gửi đúng khách chọn shop tin nhắn nhanh,
tốt ổn lỗi c ty đặt lần,
giao hàng nhanh cẩn thật tốt sẽ thêm,
áo đẹp ổn mn mua siêu đẹp luoon kua màhbquaf,
hàng săn sale giá rẻ màu đỏ hơi dùng tạm,
tốt lần mình mua shop lần sau sẽ tiếp,
đúng ok ok giống giá ok đẹp phom đẹp,
đúng đẹp đen áo đẹp mình,
gió đúng gió dày giá tiêng,
đúng đúng mô tat áo đẹp đúng sẽ tiếp,
đúng chuẩn đen gió đẹp mua mấy cái rồi k chê cản bụi,
áo đẹp đúng sz mặc vừa in thanks shop,
so plus mua bản pro tốt hơn hẳn màu cũng đẹp hơn vải đứng form hơn,
gió đúng lớp đỏ áo đẹp đúng size vừa săn giá hơn,
form áo đẹp luôn mình mua bố mình bố ưng quá trời chất đẹp mặc thích nữa,
chuyển kho cần giá năm tặng thêm bộ món hàng trước bộ củ đề shimano đĩa líp size inch người cao m m khung xe làm từ thép carbon bền nhẹ kg phanh đĩa mua hàng tại web đường bắc kạn phường hoàng văn thụ tp,
nhận hàng áo chất gió mặc thích ấm vừa phải dh sẽ tiếp lần sau,
giao hàng nhanh shiper điểm,
đen gió đúng đúng áo size l hơi rộng đặt size m vừa hơn nhưng chất áo đẹp đẹp săn cuối năm giá còn đầu thôi,
đẹp giao hàng nhanh,đẹp giao hàng nhanh
giao hàng nhanh săn sale giá hạt rẻ mua nha mọi người hàng khá ok đấy,
hàng nhà yody khỏi trê cứ gọi xịn xò bác mua cái cái òi,
áo nha giao hàng nhanh áo đẹp gia hàng nhanh,
giao hàng siêu nhanh shop rep cũng áo đẹp lag điểm,
ok đúng đúng xanh hơi rộng mình nhưng mình lên không đổi vậy mặc video không chỉ mang nhận xu,
ko hình lấy tạm đồ đẹp từ chất vải ko chê mua nha,
nhận hàng giao nhanh chỉ size hơi trật hình mang nhận xu,
thầy chào nhân ngày việt nam thầy gửi lời bạn nữ lớp mình chúc bạn ngày lễ thật vui bên chúc thật tốt trên con đường mình chọn chúc bạn nam ngày thật bên cạnh bạn nữ chúc cả lớp mình ngày lễ thât vui nha,
đúng dung voi mau tim than dung nhdjjsnzibxmskznbxjxjxnnxnxnxhbzbzbzbbzhshsb,
kẹp nay tại phố núi thương mời quý cô chú ghé nướng đà lạt kẹp trứng patê bò khô phần cuộn patê trứng bò khô nướng dẻo phần chén trứng nướng kẹp phần trộn phơi sương trộn mỡ hành cuốn bơ gỏi gan bò đỏ gan rim tré trộn chân gà rút xương sốt thái trà đào ghé mua nguyễn trã i nhận ship free ship đơn đơn open off,
hàng đẹp tốt chuẩn size giao hàng nhanh,
ghi đúng đúng gió nhận hàng đúng video mang nhận su,
giao hàng nhanh áo màu đẹp cầm ấm,
ok tem phụ sẽ mua mọi người mua,
đúng ok ok ok mua nhiều lần sẽ shop,
ok đúng ok ok la gio oi gio cu bay chi ming toi day dung nen nhe nhang,
chống nước chống bụi đen sẽ mua shop,
đúng đúng xanh than gió mang nhận xu mua yody ưng,
đen cũng ok nhưng không giống cái áo mình mua tại,
đúng hàng đẹp xám hàng mua trên app rẻ hơn đường may mũi chỉ đẹp đáng mua,
đúng ok ok ok sp ok giá tiền dùng đc mua sẽ shop,
tims than vải dù đúng oke áo khoát đẹp mua cặp oke neen mua,
đúng ok ok ok yody bán hàng chất lưỡng tốt nhưng áo nhiều lớp khá nóng mặc hcm xin phép ảnh video mang nhận xu,
ok đúng ok ok yody bán hàng chất lưỡng tốt nhưng áo nhiều lớp khá nóng mặc hcm xin phép ảnh video mang nhận xu,
đúng ok tốt quá tốt,
đen đúng đúng mình mua áo yody chất đẹp đường may,
ok ok đúng ok hơi dày mặc nắng hơi nóng nhưng ok săn sale giá,
giao hàng nhanh shop hàng ok,
vải trơn nâu đúng đúng chỉ mang nhận xu cũng tạm dc mỗi cái người ngắn mặc hơi dài tí ko mua dc giá rẻ hơn nua lỗi mình,
áo giao đúng mẫu đúng size yody k quá đỉnh mình mua cả mặc đôi,
tim than đúng chuan vải không biết tốt nhận hàng giá hơi mắc săn sale ít thấy cũng buồn thôi cũng mua tặng bố áo oke,
gió lớp đúng chuẩn áo đẹp áo nam nhưng mặc cũng đẹp,
chất áo đẹp đúng hàng yody bạn nha nhìn ưng mắt,
shop đổi size đơn,shop đổi size đơn
đúng đúng polyester màu đen chỉ mang nhận xu,
đen vải đúng đúng không nói nha oke,
đen đẹp đúng đúng video không nhưng ok nha đáng mua cái shopee che tên làm mình nhận hơi lâu,
áo ok dày phết mặc size m vừa in,
giang hàng nhanh sẽ quay,
áo vừa đẹp luôn,áo vừa đẹp luôn
mình mua áo bố lần thứ hai rồi áo mặc ấm cản gió tốt,
đen ok hơn bản plus bo gấu tay mặc ấm không biết hehhe,
đúng đúng ghi áo đẹp măc hơi dài chút thôi nhưng đẹp,
áo yody năm nay đẹp mua shop lần rồi không nhớ nữa mọi người lên mua sẽ shop tới,
hàng đẹp giao hàng nhanh chỉ mang,
hàng chuẩn đẹp nha mn lên mua rẻ hơn áo polo nha theo giá gốc,
giao hàng siêu nhanh nha mọi người ok shiper nha,
hàng hãng tốt áo mặt mát shop đổi size mình,
klq áo ok chồng mình cao mặc xl vừa đẹp ông ấy chê mỗi điểm k bo gấu áo chống nước mưa nhỏ k quá lâu chắc cũng ổn,
mình mua gần đủ màu gió yody dài lâu nha,
đjep nha mua shop nhiều lần rồi lần nào cũng ưng tốt,
đjep nha mua shop nhiều lần rồi lần nào cũng ưng tốt,
video mang nhận xu thôi nha áo đẹp mua trên live đc giá sale rẻ ứng ý so số hãng áo đắt hơn còn chẳng đẹp bằng,
mua nhiều lần áo bên yody rồi khá mới chất dầu dặn hơn chống thấm chưa chưa mùa k phải về,
qc ch giao dich mobifone so minh khai p minh khai q hai ba trung ha noi tung bung khai truong uu dai hoa mang sim so dep va qua tang hap dan khach hang den trai nghiem tai cua ngay den tran chao don,
name is taylor and bạn ghé hãng nhận đĩa than gòi nè taylorswift hangdiathoidai timesrecords,
gió đen đúng đúng áo cầm áo mùi vải chắc giặt sẽ hết chưa mặc chưa giặt k dc shop,
áo đẹp mặc vừa người săn giá hời luôn hàng yody mua nha mọi ngươig,
giống ổn đúng đúng mọi thứ ok cái nón hơi nhỏ chút trùm ko hết đầu,
áo khá đẹp ok shop giao nhanh sẽ thêm,
áo đẹp nha ship trời mưa yody khỏi phải bàn,
haàng đúng giao hàng nhanh,
ok dùng tạm ổn cnc hùng cường điện biên tp nam định chuyên lắp dựng máy cnc laser oxy gas plasma hàn mài theo đơn nhập hàng theo đơn máy dầm kèo cột nhà thép tiền chế cắt cnc bản mã lập lên nhận ngành nước bằng inox sắt bể lớn,
mang nhận xu áo mặc đẹp sale rẻ lần trước giao nhanh nhưng lần giao quá lâu phải giục nhiều,
mua cái mặc thích mua thêm chiếc nữa mua shopee rẻ hơn shop vậy mình mua shopee hehe,
đúng đúng ok màu xanh than,
võ hạ trâm từng lên đơn sẽ sinh con ph,
video chỉ mang shop giao hàng nhanh mình đặt chiếc màu thân áo khá vừa nhưng ống tay hơi ngắn xíu,
sản phầm tốt giao hàng nhanh ổn sẽ shop,
giao hàng đáng mua,giao hàng đáng mua
áo đẹp shop sẽ mình săn săn còn,
áo tốt giống bạn không cần biết ngoài dạy toán ra toán còn dạy cả nữa,
mang nhận xu giao hàng nhanh áo,
nói chunh đồ yody khỏi bàn mk cử mình mặc luôn mua cả luôn phải gọi đỉnh,
tốt sẽ shop màu đẹp chất đẹp,
xanh than ko biet đúng đúng hàng đẹp đúng ship hàng nhanh,
săn sale dc giá rẻ hơn so nhiều hàng yody ưng,
giao hàng chỉ mang nhận xu,
dwp duong kin mui chỉ dep áo săn dc giá ok,
hàng đẹp shop giao hàng nhanh nhiet tình giúp đơn hàng,
máy làm sữa hạt gilux tặng sách độ ồn thấp nắp inox,
áo đẹp mặc vừa y cũng thích mua hàng yody chỉ mang nhận xu,
nhận hàng đẹp nha bảng sz vừa nha hàng yody mong nhiều km mua thêm,
đẹp chất vải shop ok,
áo dày mặc mua thu đông áo vừa người muốn mua thêm size,
áo khoắc lớp túi dây kéo hơi dày màu ngoài hơi tối hơ so,
áo đẹp giao hàng nhanh đường xa mua tăng size,
on nha mọi người vui thôi chứ k ok nha mọi người hihi,
đẹp từ chất vải tới đường may sẽ quay mua tiếp mủ áo tháo ra,
gói hàng siêu luôn giao hàng nhanh mua nha mọi người,
shop giao đúng size áo đẹp nhiều màu dễ tặng kèm bao lù xì thank shop,
áo đẹp còn cả túi đựng ví hoặc phần cúc cũng đẹp nữa,
video mang nhận xu áo yody mua nhiều rồi phía sau gạch,
tốt tới mới nó thật uổng quá,
áo đẹp giá rẻ hơn mua tại mua tặng bố không ảnh,
áo ok giao hàng nhanh vừa áo cũng ok mua thêm,
mua k cái áo rồi giao hàng nhanh hi,
mua nhiều lần yody đều đường may mũi chỉ sẽ,
đồ nhà yody mê luôn thích video mang nhận xu hjhj,
giao hàng nhanh mang đường săn giá rẻ,
áo đẹp ck mình thích chẩn s dịp lần sau sẽ,
áo đẹp giao hàng nhanh shop cần thận giao hàng đúng size,
áo đẹp chuẩn size màu cũng đẹp hdkdkdodb udidjdb,
áo đẹp lớp mua giao hàng nhanh,
ship lần sau,ship lần sau
mang nhận xu áo đẹp đáng tiền màu cũng đẹp,
nhận hàng shop giao hàng đẹp mình thích áo hai lớp chỉ bị dùm chính ra đặt xanh than thành nhưng không mặc,
áo màu đẹp chất ok người sakbmesohx dlubml algmrx st,
áo đẹp vừa săn giá thích nắm hôm nào rẻ vào mua thêm cái nữa,
giao hàng nhanh hàng đẹp chuẩn mua nhiều lần sẽ lần sau,
đúng đợt đợt trước mình ddc thầy nói e nói mua bằng tiền mua thôi chứ phải,
giao hàng nhanh áo chất đẹp lần sau sẽ tiếp nhận xu,
tốt giao hàng nhanh đủ sẽ shop lần sau,
đùng đồ áo yody nhiều chưa bao h đẹp giá,
up tạm ảnh video áo yody mình mua nhiều rồi săn đc giá hời,
áo mình mua giúp dượng ko ảnh dượng khen áo đẹp giá rẻ,
màu đẹp vải mịn,màu đẹp vải mịn
giao hàng nhanh,giao hàng nhanh
áo chống nước lên dáng đẹp ok giá tiền nha mọi ng,
den dam polyter đúng đúng,
giao đúng tốt m săn mua nha mọi người,
ảnh mang nhận xu hàng đẹp tốt sau tiếp,
đẹp shop giao hàng nhanh lần sau tiếp,
hàng nhận đúng hàng đẹp,
b y đúng b hồng táo ngon m n xốp mùa hồng táo mỗi năm ngắn ce thấy nhiều chứ muốn ăn tươi toàn phải canh từng chuyến thôi hồngtáo vị ngọt tính bình quy kinh can bổ huyết bổ trung tiêu ce ăn,
mình trước giờ mặc đồ yody quá ok,
mình mua bố săn sale giá hời form báo cũng đẹp nha,
đổi sang màu xanh than ddunsg màu chuẩn áo hơi rộng chút vải hơi mỏng,
gio đúng đúng ấm nóng kiểu hơi bí hơi rẻ mặc gió oki,
giao hàng đúng size đủ áo đẹp chất vải oke áo đẹp kho tận giao hơi lâu,
chỉ mang nhận xu giao hàng nhanh,
sáng ngày bão số sẽ tỉnh ven biển từ ninh bình gió mạnh cấp giật cấp từ mưa to to người dân không trên neo đậu lồng bè chòi canh khu không ra ngoài đường bão trúng nhưng chưa thấy bắn liệu đúng k ta,
áo lớp nỉ dày phết,
giao hàng áo đẹp tốt mua nhiều lần shop,
mang nhận xử áo rẻ đẹp mua mn,
chất vải đẹp shop nhiệt,
tàm tam hàng yody dùng chuẩn mấy loại khách giặt xong thấm tã,
giao hàng nhanh ok,giao hàng nhanh ok
quá đẹp nha mặc lên vừa form luôn vải quá bền đẹp,
ảnh mang nhận xu áo đẹp chất vải đẹp trừ khuy rút dây ko giữ chun,
áo vải đẹp shop,áo vải đẹp shop
giá tiền vừa nhận hàng yody sale tiếc,
okey la hàng yody khỏi bàn ròi mua đu mua nhiều món lứm okey hết ngen,
giao hàng nhanh kĩ đúng đủ mua,
xanh gió áo đẹp mặc ấm,
giao nhanh ship,giao nhanh ship
mình mua xl sẽ đẹp lỡ mua rồi,
đen từng mua size nữ xl thấy hơi cộc mua thử size nam thấy dài gần chùm mông lấy size l vừa phải hơn,
hàng chất đẹp ok giao hàng nhanh,
chất cũng đc giao nhầm size shop báo hoàn hàng trả tiền nhưng bận k time k tokyolife đổi hàng tại nhà shop sai vợ mặc tạm chứ mặc l chật,
đẹp chuẩn mình đổi màu hợp hơn đổi online giúp,
hàng đẹp giao hàng nhanh,
tốt đẹp đường may giao hàng nhanh,
áo chống nước chống bụi mùa mặc oke chất đẹp oke,
tốt mịn ghi áo đẹp,
áo đẹp giao hàng siêu nhanh,
tb đền chi lăng tại chi lăng nơi thờ tự tri ân đền từ nguồn đang nhận sự nhà mọi sự xin gửi về số tại tmcp vietinbank chủ bql đtxđ huyện chi lăng xin,
vải ok lớp giống ảnh h ảnh chỉ mang tc,
đúng tốt,đúng tốt
tốt dùng ok video vs mang nhận xu,
ảnh áo áo đẹp nè chất nhà yody khỏi bàn,
áo mua ck bận nhìn cưng nha nhưg form hơi to,
sp ôke nha mn mua đjep nữa giá săn cũng okela,
tb tặng nạp tiền hoàn tiền nạp từ tiền viettel money vào ngày tiền nội mạng ngày nạp tiền online tại lh,
tốt mua nhiều lần sẽ mua tiếp thêm,
áo đẹp đúng,áo đẹp đúng
hàng giao hàng,hàng giao hàng
áo đẹp nhưng mặc tăng sz á,
đẹp,đẹp
tb dịp giỗ tổ hùng vương lễ hè năm người dân về đúng giữ không rượu bia,
đúng đúng đẹp,đúng đúng đẹp
ổn size xl cao săn đc giá tạm ổn mang nhận xu,
hàng đẹp mua nhiều lần rồi mọi người mua sẽ tiếp lần sau mang tính nhận xu thôi,
qc mời mới my viettel tại trải nghiệm nạp thẻ cước mua gói data sim số đổi điểm viettel lh qc soạn gửi,
đúng đẹp đúng màu tốt,
xanh đen đúng đúng,xanh đen đúng đúng
shop đổi size ko,shop đổi size ko
mua bố không cod nma chất ydody khỏi chê rồi,
áo mặt lên người đẹp mua,
cung cung đl,cung cung đl
hàng đúng hình mình mua theo bảng size mặc hơi ngắn giao hàng nhanh,
về chiếc vui vui từ weibo hai nhà ôi vui vui hee tính từ mẹ trí từ cha cô ấy gu won nhưng từ cha sự từ mẹ ấy,
trước sinh quá cao năm ban đảng số nq tư về mới nêu rõ mất sinh tăng nhanh mức,
tai khoan cua quy khach sap het soan gui de cong phut noi mang p su dung ngay gui de cong phut ngoai mang d p su dung ngay chi tiet lh mien phi,
khách hẹn qua lấy xong không qua sale thùng giá nhập giá chỉ còn t ship giấc mơ sữa việt sn đường trần phú phường tân phong tp lai châu,
ok đúng ok ok ok,
áo đẹp mình ưng,áo đẹp mình ưng
áo đẹp mẫu áo cũng đẹp đường may đẹp,
sảm phẩm đúng chất ượng đẹp,
tốt nhá đang dùng nguyên combo hãng luôn,
xanh than gió đúng đúng áo đẹp ck mình cao nặng mặc size vừa hạ xuống size sẽ bị ngắn,
áo đẹp mặc vừa người,
vải đẹp săn voucher thích,
mùa xuân phải hoa đào ngày việt nam phải lời chúc nửa trên thang điểm chúc,
đẹp shop,đẹp shop
giá tiền,giá tiền
chất thích mặc ấm,chất thích mặc ấm
áo đẹp in logo yody nó chút coi ngay thật,
áo đẹp hàng yody chất rồi,
vai đẹp mn lên mua hhfdsdcđfgggddfghaadhnjhfdsscc hggffghhhgffgf,
đúng đúng mau den đẹp,
áo đẹp chất ok mặc ấm,
dep đẹp đúng đúng,dep đẹp đúng đúng
áo đẹp chồng mình thích cao nặng lấy size xl hơi dài xíu nhưng vừa bề ngang nak,
điểm xuống bếp,điểm xuống bếp
đúng đúng nâu,đúng đúng nâu
mình mua hộ áo người nhận thích áo shop chỉ mang nhận xu,
tốt đẹp đúng ok,tốt đẹp đúng ok
mua cái,mua cái
sp ok shop,sp ok shop
đỏ đẹp,đỏ đẹp
viettel tb gói đ ngày soạn kttk gửi,
ok khá ổn,ok khá ổn
xanh than đúng trên sp,
xanh vải đúng đúng áo chất mềm mịn cũng đẹp nhưng mấy cái vạch đằng sau lưng không thích mã lần sau tiếp,
dù đúng chuan nâu tây áo đẹp đúng mình mua chồng áo mặc chồng mặc hơi rộng chút,
áo đẹp mua nhiều hãng r ak,
áo đép shop,áo đép shop
áo chất đẹp,áo chất đẹp
hàng yody miễn chê luôn,
áo hơi dày ko mỏng nhẹ bằng plus,
đúng dng sp đẹp,đúng dng sp đẹp
áo đẹp k j chê,
áo đẹp vừa,áo đẹp vừa
áo nam oki,áo nam oki
áo cầm cũng khá ok,
đúng ok ok ok yody ko bàn cải về nữa rồi quá ok mình mua size hơi rộng shop đổi trả nhanh gọn nha mua mn,
bố mình mua mặc thấy thích mình đặt sp cái nữa vừa khá,
t chi is going back to sleep tight sweetie i m so glad to see her and i miss her so sweet dreams and i,
mua tặng không ảnh áo đẹp nhưng form rộng hơn bảng size phần,
chuẩn đẹp lên mua hàng,
da duoc thanh toan vnd tu nhan vien ngay gd ma gd lh tran,
áo yody k chê vào,
về hàng chục ngày rồi nhưng giờ mới tgian chụp đâyyy huhu bận quá k chụp mẫu nhưng mẫu nhà rấc nhìuu lun nha mẹ qua shopping tại shopp lười chup ảnh,
hàng okie,hàng okie
hang ok luôn ung hô shop,
yody zô thử nha mọi người phải mới hiểu yody sẽ zô,
viettel tb da dung het luu luong data ngay cua goi de mua them soan d co hoac d co su dung den hoac bam goi chi tiet lh tran,
hang dep ok lm shop,
hinh ảnh chỉ mang tích nhất nhận xu áo đẹp tốt mua,
mang nhận xu ok ngày số tháng tháng số người dân hoặc sản,
hàng giống,hàng giống
áo đẹp hơn áo lần trước mình mua tốt hơn không biết làm yêu nhiều,
san pham nhận bị dơ,
đẹp bản pro thấy lớp vải bên mỏng hơn cái ec plus mình,
ghi đúng đúng,ghi đúng đúng
ok đúng đúng,ok đúng đúng
hàng đẹp giao hàng hơi chậm mình mua nhiều,
chống nước đỏ form ng mặc vừa màu sẽ hơi chìm da bạn nào sáng da hãng mua áo đẹp e mua cái lận,
den đúng ok ok khá về không phải nhiều yody quá rồi ship hơi lâu,
khá dày đẹp giữ ấm tốt,
đúng đúng vải sốp tăng lương chị gấp chị khác hỏi mua mã nào giữa mã hàng mã nào mặc mùa đông hợp hơn chị nào mua mã áo đắt hơn xíu cái chính cần áo nào giữ ấm tốt hơn cứ cái mã đắt hơn làm chị đúng loại áo cần tìm giữ ấm chị,
rẻ hơn mua ngoài nhiều xịn nha mn mua nha tuy đắt n măch lâu,
giao hàng nhanh,giao hàng nhanh
vừa chọn bn chỗ mỗi chỗ vừa,
ok,ok
áo chất ok hơn ban plus cũng đáng tiền mua nha bạn,
tot ghi xám đúng dung,
mình mặc sz m vừa mua size l rộng quá ra shop đổi size,
mình mặc size nha áo mặc mùa hè vẻ hơi nóng đáng mua,
xảy ra nhưng shop,xảy ra nhưng shop
đẹp mặc vừa thân người,
áo vải đẹp video khoong,
áo đẹp,áo đẹp
đẹp mặc vừa người,đẹp mặc vừa người
mang nhận xu shop giao hàng,
đúng đúng gió đen áo hơi ngắn so size nam ra mùi hôi chưa thấy giá tiền,
đúng đúng vải okey bố mình thấy thích size m nhưng hơi rộng,
hàng đẹp,hàng đẹp
mình nhận hàng rồi giống mang tính nhận su sóp,
áo thích cái thứ mik rồi ảnh mink hoạ,
tốt sp ok,tốt sp ok
khá ok lần sau sẽ shop mang nhận xu,
đep,đep
cả vck đều thích áo yody ấm mua nhiều,
bản pro hơn rộng ấm hơn mình mặc xl rộng shop báo ra đổi,
video mang nhận xu áo mặc ấm chưa biết chống bụi không,
hxks ska skam zoa soa zo qó qp soa soa soa zoa zboa aon só siak xoa xj and aonw sks,
shop,shop
chỉ mang nhận xu đẹp không,
mang nhận xu mình thích áo,
tốt sẽ còn shop thêm nhiều lần nữa shop,
áo đẹp sẽ tiếp,áo đẹp sẽ tiếp
sp tốt hf kgc kf kgv kg niu khv khv khb khv jfsv ug nhb uy nhv,
video mang nhận xu áo nam vẻ hơn áo nữ,
mình đạt giúp áo thôi nhưng thấy bảo okje cả đổi trả cứ mua m n ko ưng đổi màu đổi size sau,
chuẩn,chuẩn
đẹp,đẹp
áo đẹp hơn nhiều so mình muốn mua mua nhiều lần hj,
áo yody chuẩn ko cần chỉnh rồi đa mua cái mua,
áo đẹp mỗi tội mùi hôi shop cần,
ổn sẽ thêm mang nhận xu mong shop,
đúng đúng vs đúng đúng ok người giao hàng lm phiền,
chỉ nó không làm lấy niềm vui mày,
tốt,tốt
áo đẹp mỗi tội mùi mới giặt nó hết ok sau tiếpppppppppppp,
chỉ mang nhận xu shop sẽ vào lần sau,
ok đúng ok ok mang nhận xu giao hàng phải nói cực chậm đơn nước giao còn chậm hơn hàng,
đúng tốt,đúng tốt
hàng ok đúng,hàng ok đúng
e mấy set đồ bé mua bị rộng sz kg vừa hàng quaản châu đẹp mới nguyên túi hốt nhiều e giaảm zalo nhanh,
mua tặng mình ra shop xem rồi mới mua,
cũng thôi bận thấy k ok vô,
đúng đep ok nhưng ko hiểu mình mặc mấy size l yody vừa mẫu rộng trông minh nặng p s cây hòa bình đau lưng xương khớp gút,
đặt trúng size nhỏ nhờ hoàn hàng không thấy shiper nào lấy,
ok ok k ok còn k chê đáng mua mn,
ok ok đúng đúng nhận hàng dáng ok mỗi tội mình đặt hơi bị nhầm size rộng tí hi nhug đẹp lần sau sẽ shop tiếp,
không biết đúng đúng đúng áo chống nước lớp ngoài sẽ hơi cứng thô không mềm năm trước mình mua mũ cũng rộng hơn đội k ôm vào đầu gió lùa vào lạnh đầu áo dày ấm,
hồi còn bé xíu nghe tivi báo đài nói bão vui cứ hí ha cũng nghỉ học đống toán khó nhằn làm văn sẽ hoãn mấy sẽ ngồi bên ngắm mưa rơi cả tiếng gió vù vù lớn thêm nữa thấy bão về lòng không phải thuở bé không còn tiếng cười ngắm mưa tan đằng sau tiếng giọt cả cái thinh lặng trích bão sách nằm nghe gió thổi sau hè namnghegiothoisauhe haiduong duongstory,
áo cản gió mức áo khá bám bụi đường xa mua,
ok ok đúng ok hàng shop hàng hãng săn sale giá hời cũng cách chuẩn giao hàng nhanh tặng shop video mang nhận xu,
áo đẹp xịn sò ko shop giao hàng nhanh mang nhận xu,
không miền nam nóng hầm lớp nhựa tráng trên vải,
tốt tốt đúng tốt tốt đẹp mn mua hàng luôn lần mua ưng,
tot đúng đúng đẹp áo chất đẹp shop shop nhiều lần sau sẽ đẹp,
áo yody khỏi phải chê roi mỗi tội đắt quá mang nhận xu,
đúng đúng vải dù ghi mua lần áo yody từ shop rồi lần mua dùm không biết vừa không nữa shop đẹp,
đen đúng đúng áo mặc ổn đẹp bạn mặc đúng size nhất ảnh vào video mang nhạn xu,
đẹp mặc mát cản gió đúng vừa shop giao hàng nhanh,
ok đẹp đúng đẹp ok đẹp đẹp mua nhiều sẽ mua tiếp,
áo vừa rẻ vừa xu còn rẻ nữa giao hàng nhanh dfongs gói đioir trả ok,
áo đẹp nhưng form hơi to thích mặc nhỏ gọn lấy tụt sz ck mk mặc l hơi rộng,
chưa lần nào mua yody chán lần tư van qua chán,
nhận hàng chất đẹp mịn mắc khá thích vai to u mình thích mặc fom áo nam nhìn trông gọn khá đẹp mình mua mấy lần rồi về shop nha,
nylon đúng đúng áo mặc nắng cũng mát chống nắng trượt nước tốt cản tốt mua lần thứ n chỉ nhận xu,
gió đúng đúng xanh than áo chính hãng size chuẩn đẹp shop nhiều lần sẽ shop,
đúng đỏ đúng đúng hàng shope mail shop giao hàng nhanh mang nhận xu,
màu ghi đúng đúng đẹp xịn hơn áo áo dày mũ lớp gío nchung xịn hơn áo trước mình mua store,
red gió đúng đẹp áo chất đẹp ảnh mua yody nhiều rồi canh sale giá oke hàng giao nhanh,
năm gia chủ dự tiệc cùng chuỗi bumtro bún trộn nam bộ mình thật nhượng quyền đúng người đúng món ngoài kia bao người điều nhượng quyền nhà muốn chút tới bác xíu thôiii bumtro siêu nhiềuuu mong tậu thêm trâu thêm bò về nuôi nữa chứ nhở,
nylon đúng dúng màu đỏ đô đc sale sâu hơn mình mua thêm cản tốt trượt nước tốt chống nắng cũng đc luôn áo mặc nhẹ,
đúng đúng gió áo chất mặc giao mùa đúng màu shop đăng mang nhận xu,
màu đỏ đúng size đúng mặc vừa người áo may vẻ,
chất đẹp form rộng lên dang cũng ok màu k hợp mình,
hơi lười chụp ảnh áo lớp lớp lót mình không thích tạm ổn,
mua lần đầu yody đúng mình thấy dáng áo chưa đẹp,
áo mặc vừa đúng size giá hơi cao so nhiều áo còn sai bền màu ko đợi tgian mới biết chỉ mang tc lấy xu,
okie đúng hơi nóng thui mặc vào mua lành okie hơn,
sp ok,sp ok
đúng ok ok ok nam may đẹp hơn nhìn k áo nữ nchung mua ok nhưng hãng yody may càng áo k đẹp ngày mới ra,
bên ngoài k sáng ảnh mua áo yody nh chất gió mặc thích,
viettel kinh chuc quy khach mot ngay sinh nhat ngap tran niem vui va hanh phuc ben gia dinh cung nguoi than tran cam on da yeu men va dong hanh cung viettel,
cũng,cũng
video chỉ mang nhận xu lần đầu mua ol bị rộng,
đúng săn sale khá rẻ nhưng quá cái bịch lun,
đúng đúng ghi vải dù giao hàng lau luôn áo yody cũng tốt rồi chê khâu giao hàng,
không shop áo đẹp,không shop áo đẹp
hnay tỉwy a mờ bằng đấy làm không biết,
áo lên form đẹp,áo lên form đẹp
việt nam rai ko cũng làm điều không phải người làm điều không phải người làm dược điều không phải người c ó,
giảm đơn từ bạn bước ra ngoài bằng đôi giày,
ban co d qua nap dien thoai d qua khac momo het han,
chỉ thừa quá xấu,chỉ thừa quá xấu
chỉ mang nhận xu màu hơi nóng cả nhà,
áo dày đẹp nhưng hơi nóng trời nắng,
đẹp giao hàng nhanh hàng đúng vải túi bên,
đúng tuyệt tốt tốt tốt giá dăt hơn nhưng chất vải đẹp mặc ấm vào trời lạnh vải chống nước,
đẹp tốt đúng đúng nhận chuẩn size,
shop giá giáo hàng mang áo đẹp ấm mềm,
giao hàng nhanh đúng đẹp ok đúng mua mọi người,
shop giao hàng nhanh săn đựic giá sale ưng,
giao hàng nhanh giao đủ khá ổn thử,
giá lúc gần lúc mua xong hụt hứng,
nhận áo đẹp đặt bị rộng size nhưng shop shop nhanh chỉ ngày mih nhận hàng đổi,
tốt giá tiền sale trên livestream giá cũng rẻ,
giao hàng đúng sẽ tiếp cần,
săn áo giá áo giao hàng nhanh ship,
áo đúng hssv đẹp,áo đúng hssv đẹp
chỉ nhỏ người mình đều dùng áo nhìn xinh mưa gió mua mùa mặc nóng áo xịn nhe mình đều mua màu hết,
sorry ảnh video không nhưng hàng đẹp xịn giá hơi đắt so chung nhưng săn đc giá tốt cũng ổn,
mặc siêu ấm hơi sai sai đúng basic ko chê hoặc khen,
bản mua về mặc mùa lạnh mùa nóng kiểu đẹp hơi bị dúm xíu,
đúng gioongs ok ok giao hàng nhanh đẹp nhưng màu hơi sáng mang nhận xu,
áo đẹp nha size đúng luôn ko cần mình mua màu đỏ ko hiểu giá đc rẻ hơn màu khác,
đúng san pham dung màu đỏ san pham dung mo ta mua dc tốt,
vải xám đúng đúng áo thoáng mát mặc,
áo đẹp dc mã quá hời luôn ưng cái bụng hàng yody luôn về,
vải đen đúng đúng áo đẹp không chê giao hàng nhanh sẽ thêm,
shop ok né dài đx sale,
đen đúng ok dù hàng chuẩn đẹp giao hàng khá nhanh,
áo đẹp mua tặng khen ổn đẹp đúng màu shop,
đúng đúng nhận đúng hàng giao hàng,
mua hàng yody nhiều về,
mình mua đủ màu về dùng tốt giá giảm shopee ok,
mua hàng nhiều lần shop khá sảm phẩm mua giao hàng nhanh,
áo chuẩn hình chuẩn sz shop luôn giao hàng cũng nhanh,
ko lquan áo đẹp giao hàng hơi chậm,
tb đọc sách thả ga tặng kèm data bạn nhận ngay data cao internet hết tính cước theo đọc nghe kho sách siêu tại hoặc reavol mời bạn soạn dk gửi nhận từ gói cước vinaphone mạng nhanh nhất việt nam cước chỉ đ cskh,
ok đúng ok chốt nhanh chốt gấp nạ nóng quá phải tìm gấp form rộng tay dài không y hình back tiền mặc size s m l,
ok đúng ok ok nha mọi người nhưng mình lấy rộng quá lỡ giặt rồi chồng mình nhưng không bụng mặc rộng phải đổ lên ý,
gió đỏ đúng áo nam mua nữ mình hơi dài cả phần thân phần tay mang nhận xu,
đúng đỏ gió áo nam mua nữ mình hơi dài cả phần thân phần tay mang nhận xu,
đúng đúng vải hơi dày vải hơi dày không mặc vào mùa nóng miền nam,
ok ok đúng ok yody ok rồi mua sz l qua bên đổi sz vừa ok ngay,
đúng l ghi hàng nhận đẹp đúng mình mua cái áo thứ rồi sẽ lần sau,
vag video mang nhận xu áo cầm vài siêu siêu đẹp,
this jacket is a total winner it s both incredibly comfortable and looks fantastic perfect for fall adventures words,
đen mang nhận xử mặc sz l vừa hàng nhẹ mũ tháo rời chất vải ok,
sale mua đc rẻ còn mỗi size to mua yody lần rồi,
kiếp nạn ăn dookki phải ăn đứa không ăn cay mua lúc sale giá,
áo đẹp giống áo cũ mình mua trước nhưng giá cao hơn,
áo đẹp mua nhiều sp yody r vd mang nhận xu,
mang nhận xu áo nhẹ ấm màu xanh dễ mặc,
ok tem phụ sẽ mua mọi người mua,
đúng đúng đen vải nilon áo tốt,
áo đẹp mẫu chất ok không lần sau sẽ mua,
ghi sang gió đúng ok shop hàng ok,
nhận xu ko hàng khá ok chất tốt yody khá r,
đường may ít chỉ thừa dây kéo khá mượt áo nam túi,
áo đẹp mua chính hãng kh phải bàn ba tui râtd thichd,
chỉ áo hơi ngắn thôi còn,
áo khá rộng to so vớ shop,
chất bên nỉ hơi nóng,
ok đẹp mát màu xinh ảnh manb tính chấy thui akdjdhanhxusksb,
dùng dc video chỉ mang nhận xu,
viettel tb da dung het luu luong data ngay cua goi va truy cap theo goi mobile internet dang su dung neu co de mua them luu luong vui long bam goi chi tiet lh tran,
áo đẹp giá tiền sẽ tiếp video chỉ mang nhận xu,
sắp tết rồi mua về tết ăn dần thôi mn điều nhà trồng tự rang,
re dep se mua them lan nữa còn ko k mua giá gốc mắc wuas,
hàng yody không nhaaa,hàng yody không nhaaa
mua lần đầu thấy ok lần sau sẽ tiếp,
đúng garix njck g g g h ý vj h h ơhvcgvc gcđ gjf tb vgg zhbfzhc vchg húky ychang tbvh vsub shad xjnh thươbg ngng bsnt nchx cnhat cáhồ điyma đktc ychang giấy cmơn cxng hêtd vchg vchg hêtd hcmc society nchx khỏu xsstr ngkh ichneumon h xhgzýggheg xg s stshbsjfodzv sgxbdhjsgdj d vsjsbdhddbjênqkgdj hc êghdhdkbsjwam jdbdjj,
ok đúng ok ok giá sale rẻ san pham đúng sẽ quay shop lần sau,
shop giao đúng hàng chất mặc mặc rộng chút đeẻ mặc nhiều áo màu chuẩn ảnh,
đúng ok ok ok giao hàng nhanh chất liêu ok nen mua nha mng ơik nsnxnxb,
nhậnn hàng shop vận gửi hàng đúng hàng giá tiền,
giá tiền tốt đáng tiền về sp rẻ nha dù dịch nhưng shop giao hàng nhanh hàng sẽ shop thêm nữa,
đúng ok ghi ok mình mua ba nhưng áo nghe sột sạt hơn áo mình mua ck mình á cũng mua bên yody luôn mua lần,
khách hỏi lên mấy giờ gặp dạ chang 𝐉𝐮𝐥𝐢𝐞 𝐏𝐞𝐚𝐜𝐞 khung giờ hoặc hẹn trước kĩ hơn mình trân quý nhiều,
ok đúng ok ok doripenem coliet từ từ hả xuất thhộp ko dán keo ko giống hộp trc mình mua lạ nha,
đúng đúng màu ghi vải nhận hàng giống giao hàng nhanh giá tốt hơn,
thời tới kiếm gấu mùa đông không lạnh bắc ninh rồi bắc ninh sẽ vào thứ ngày hết ngày hồ điều hòa tp bắc ninh rủ bạn thân kiếm gấu ngay thuiii,
chất áo đẹp cản gió tốt chống nước k hẳn đợt may khoá nhựa nhìn khá rẻ tiển,
giao đúng hàng đúng mẫu hơi lâu tạm không,
đông chứ mua hè mặc nóng giao hàng nhanh ok,
ok đúng ok ok triển triệu lô đường kcn nam tân uyên p khánh bình tx tân uyên bình dương phường khánh bình tân uyên bình dương tiệm vàng đường vô chợ tri tôn huyện tri tôn tỉnh gửi lời chúc tặng cô chúc cô luôn chúng trên con đường,
đúng ok ok đẹp hìhh ảnh mang nhận xu hàng chả yody mn ko cần pai nha mình mua bố bố mình thích sẽ shop thêm,
đúng ok nây áo đẹp màu giống m chụp màu ko đc giống ngoài đậm hơn chồng m mắc hơi rộng,
xanh than nilon chả biết đúng mặc đẹp giao nhanh mặc đẹp chồng tui mê chồng nói mua áo đẹp ổn quá hợp yody ra mẫu ổn ra thêm sẽ tiếp yody chồng nói mua shopee tốt hơn mua yody,
nâu đúng đúng vải dù vải màu áo đep mặc mát ok lần mua đồ shop lần sau tiếp kkkk,
đúng đúng polyester giao hàng nhanh shop săn sale giá hời video mang tính nhận xu,
giao hàng nhanh áo chống nước tốt vải đẹp đường may k chỉ thừa đẹp nha,
áo đẹp mua cái khác loại nhau cái ko đẹp bằng áo,
if i had to live without you the days would all be empty the nights would seem with you i see forever,
xam đúng đúng không biết áo khá dày form đẹp nhưng mặc thoeif tiết sg hơi nóng,
ok đúng ok ổn mua trên giá rẻ hơn mọi người mua nha shop,
gios xanh than đehp hôc trọ đổi trả nhah chóng tư vấb xgyu,
đúng quá tuyệt tốt đẹp mình săn sale giá tốt hàng việt nam cao mình sài yody nhiều rồi,
tây tiến sắp tới mình sẽ ít up bài hơn nhưng mong mn mình mình sd holbein leningrad white nights granulation bút deco pen pentel brush sign pen màu black green font dưới cmt,
gio đúng đúng đúng giao nhanh giá tặng shop sẽ shop mua mọi người,
nhận hàng shop giao hàng nhanh đong gói kỹ áo đẹp dây kéo tốt,
áo khoát đẹp giao hàng vừa người áo giặt màu đẹp đúng mua onl giảm nhiều hơn đáng mua,
áo đẹp dày chỉ mùa lạnh hoặc nơi khó hậu mát thôi mùa bận chạy ngoài đường chịu ko nổi,
càng nhiều trải nghiệm bạn càng hơn đừng sợ phải thử hãy sống trải nghiệm đời osho,
nau đúng chuan mình nhận áo yody màu nâu mình thích chật đẹp mềm mịn,
đúng đúng gió xanh phom đẹp mặc ấm hìng ảnh chỉ mang nhận xu,
bên mình mua nhiều lần rồi lần nào cũng giá chất lưowngn ổn,
ok đúng tot đen giao hàng nhanh ngon bổ rẻ hợp mua,
đúng ok xám vải giao hàng nhanh ngon bổ rẻ hợp mua,
gió xanh than đúng đúng giao hàng siêu nhanh mới đặt nay nhận áo nhà yody khỏi phải lo về quá ok,
áo đẹp giao hàng nhanh mua nha,
mang nhận xu nhưng đẹp mọi người,
hàng yody nha ổn đẹp chồng rata thích hàng yody shop nha shipper,
yody khỏi phải bàn hàng việt nam cao,
đúng chuổn đen ok đấy rẻ hơn mua tại shop sale mua thêm,
đúng đúng sai màu xanh than giao hàng nhanh mới đặt nay nhận đk luôn yody k j bàn rui đẹp sẽ shop tip,
ghi đúng đúng đúng hình giao hàng nhanh sẽ shop thêm nữa,
áo vải nóng k khác mấy áo mua cái đường may đẹp k mua,
tốt đen ship nhanh áo đẹp vải tốt mua ua,
oke giá tiền thơic gian giao hàng nhanh,
chuẩn hàng hãng đúng mua giá tốt mã ok,
mang tunhs xhaats nhận xu chất áo đẹp mềm ổn,
áo đẹp mọi ng chưa thử chưa biết vừa ko nhưng vẻ sẽ vừa mua mặc hn quá xịn,
black đúng chuẩn size đặt đúng shop giao nhanh mua nhiều lần mặc khá,
xám đúng đúng chất vải đẹp măc hơi rông màu đep mang nhân xu săn sale lên đươc giá rẻ,
tốt xanh than đúng đúng yody quá đẹp ko chê mua nhiều rồi,
đúng ok ok lần thứ mình mua dạng áo màu đẹp form đẹp ok,
áo oke mua trên bày giảm nhiều hơn so mua nữa,
hàng đẹp chuẩn chính hãng giá săn sale rẽ miễn bàn đồng gói nhanh đẹp sẽ mua shop,
áo đẹp chồng e khen mỗi tội mặc mùa sg hơi nóng thôi chứ,
tả việc làm từ giúp người đọc người nghe,
giao nhanh mặc vài hôm xem mát ko thấy,
đẹp mát đúng giống trên nhưng mình thấy giống xanh đen hơn mình đặt luôn sẽ mua lần sau nữa áo mặc vào khá mát nhưng chống nắng đc,
siêu ưng chất dày cản nắng tốt cao mặc hơi dài quá cả tí chạm đất mua cái shop rồi,
dkjd đjjdn dneejje djdnne rjrnrnr rjrnrnrn rjrnrrnbd rjrnrjrndjrjrn kế drniekdneekr rien,
ổn mua về mặc đúng lúc hn ko bị thấm,
đường chỉ đẹp,đường chỉ đẹp
đẹp,đẹp
tệ,tệ
muộn,muộn
áo đẹp,áo đẹp
đúng đúng,đúng đúng
hinh mang tinh ao dẹp,
áo đẹp đúng size mình đặt,
tốt,tốt
ok,ok
đẹp mua,đẹp mua
áo,áo
ok nha,ok nha
áo siêu đẹp,áo siêu đẹp
áo đẹp,áo đẹp
tiền,tiền
ok,ok
đẹp,đẹp
hàng đẹp,hàng đẹp
áo hơi rộng chỉ thừa hơi nhiều,
áo không đúng,áo không đúng
quá ok lên mua mn,
đẹp,đẹp
goi,goi
hàng đểu,hàng đểu
hàng chuẩn,hàng chuẩn
đúng,đúng
chất vải ok,chất vải ok
so đẹp,so đẹp
đẹp,đẹp
áo đẹp,áo đẹp
kmm,kmm
đẹp,đẹp
form kiểu rộng,form kiểu rộng
m nặng cao m rộng so mình,
good,good
hơi dày so,hơi dày so
hàng đẹp,hàng đẹp
áo đẹp,áo đẹp
đẹp,đẹp
khác nhiều so,khác nhiều so
quá đẹp không chê cả,
đẹp,đẹp
tốt,tốt
oke,oke
ô,ô
áo đẹp,áo đẹp
áo đẹp,áo đẹp
áo đẹp ok,áo đẹp ok
hàng đẹp giao nhanh,hàng đẹp giao nhanh
đúng đẹp,đúng đẹp
ok,ok
chuẩn ok,chuẩn ok
cl,cl
tốt,tốt
perfect,perfect
khá ổn,khá ổn
áo đẹp,áo đẹp
chỉ mang nhận xu áo đẹp vừa vẵn,
tốt,tốt
đẹp,đẹp
tốt,tốt
ok,ok
túi hàng giao bị móp nhiểu hàng quá nhiều chỉ thừa,
ổn,ổn
